<?xml version="1.0" encoding="UTF-8" standalone="no"?><author id="17591594-b75c-47c2-be3e-5dcbe6c45286" lang="en">
	<document><![CDATA[Getting up at 5! a rare case for me. and that is also without any reason! Enjoying the morning after a long time.		]]></document>
	<document><![CDATA[amar chokhe thont gaale tumi lege achho
amar angul haate kandhe tumi lege achho
amar deoyal ghorir kantay tumi lege achho.		]]></document>
	<document><![CDATA[@username Main hoon naa. don. veer zaara. heyy baby. unreleased don2		]]></document>
	<document><![CDATA[listening to the one song repeatedly for almost two hours. like it more I hear it.		]]></document>
	<document><![CDATA[enjoyed the journey back from home. thanks to "deoyal ghorir kanta" and one who sent me the song.		]]></document>
	<document><![CDATA[Commemorating the day....		]]></document>
	<document><![CDATA["Joy of giving love is more than recieving." really?		]]></document>
	<document><![CDATA[There was a time I wished somebody could understand me. But now no one can see beyond my mask .		]]></document>
	<document><![CDATA[The call that never came...		]]></document>
	<document><![CDATA[When someone talks to you smiling (unnecessarily) use a warning message that you are about to fall in a deep trouble.		]]></document>
	<document><![CDATA[I want to break the wall. I want to be free. This is just killing me.		]]></document>
	<document><![CDATA[There was a time when I thought myself perfect and did so much wrong. Now I realize how wrong I was. I am sorry........... all of you..		]]></document>
	<document><![CDATA[Now it is my turn...		]]></document>
	<document><![CDATA[Get ready for destruction...		]]></document>
	<document><![CDATA[And this is the over.... and the end is near...		]]></document>
	<document><![CDATA[@username good to hear that.		]]></document>
	<document><![CDATA[@username who got the lottery?		]]></document>
	<document><![CDATA[RT @username: RT @username: Happy Birthday Google. You have helped me look smarter than I am on several occasions.		]]></document>
	<document><![CDATA[Good to see smile back on the face of the dear ones.		]]></document>
	<document><![CDATA[Can someone plz do the coding for me... I am tired of doing the same thing again and again.		]]></document>
	<document><![CDATA[It seems the excitement around 'like' has ceased now. I knew this a long time ago.		]]></document>
	<document><![CDATA[A not so great thought of a great person: "After marriage life is going to be completely different adjusting... http://t.co/qdxbx9f1		]]></document>
	<document><![CDATA[Well, finally bid good bye to a very close person. Don't know if we will meet again or not. Hope we do. Will miss you.		]]></document>
	<document><![CDATA[Am online in Facebook chat... after ages...		]]></document>
	<document><![CDATA[In a great mood... code running in the back ground...		]]></document>
	<document><![CDATA[All right... it's done.. so it is holidays......		]]></document>
	<document><![CDATA[Returning home, tired, late. Worse: train is packed. Worst: clouds in the sky. The best combination for the worst journey back home.		]]></document>
	<document><![CDATA[Good morning. Got up early. A special day (not necessarily happy). Got some work to do as well.		]]></document>
	<document><![CDATA[Wore my favourite dress. After almost an year. Love everytime wearing dhoti. suits me as well.		]]></document>
	<document><![CDATA[So another day passes by. Sometimes love, frnds.. these seems so childish. Better to be single.		]]></document>
	<document><![CDATA[The largest festival around this part of the country begins... Sometimes it seems such waste of money. But seeing... http://t.co/gMcE2Z6w		]]></document>
	<document><![CDATA[Went to local pandels today... saw 8+2 deities.... ;) liked d plus two. a long days ahead with plan finalised for... http://t.co/Eu1COX1M		]]></document>
	<document><![CDATA[Thank you guys... you made my day... Looking forward for more tomorrow...		]]></document>
	<document><![CDATA[The best day of the year undoubtably .... Ohhhh... I enjoyed it to the fullest. And Ganguly was the most wonderful... http://t.co/OeRWnXp6		]]></document>
	<document><![CDATA[A fresh and good morning... some experiences expected today... cant wait...		]]></document>
	<document><![CDATA[Well..... I enjoyed the day at Zoug... I guess spelling is correct. Enjoying the colorful night.		]]></document>
	<document><![CDATA[Well that is the end of the day... enuf of pandels and deities... went to some of the most incredible ones. Damn... http://t.co/oAFjSGIH		]]></document>
	<document><![CDATA[Reached home... Lying in my bed... sleep is nt far away.		]]></document>
	<document><![CDATA[Good morning and suvo maha navami... Today I need a break... Too much hectic 2 days...		]]></document>
	<document><![CDATA[All right... sorry about an older post... I actually misspelled it. For the google buddies, now search with the... http://t.co/NvI573Aw		]]></document>
	<document><![CDATA[A very sleepy morning and just hours left before I go out for a small trip... feeling to sleep all day...		]]></document>
	<document><![CDATA[Yeppi.............. Good old (really??) starting days are back		]]></document>
	<document><![CDATA[People think they are so good and perfect. If it was so they did not have so many problems in their lives. 

P.S. I am not perfect.		]]></document>
	<document><![CDATA[Now I am waiting to see a cat fight... In FB. Got trapped in your own trap I guess.		]]></document>
	<document><![CDATA[Gold is so easily available this days... Who complained about the price rise?		]]></document>
	<document><![CDATA[A thought just before I sign out, I am the dumbest person in the world, and I make the same mistakes over and over again.		]]></document>
	<document><![CDATA[@username You dont hv any idea wht I am going through		]]></document>
	<document><![CDATA[Moral of the story. If a girl post anything confusing or even a garbage in FB it will get enuf comments so dat you... http://t.co/nWIWx7cj		]]></document>
	<document><![CDATA[Waiting for some jokes??? Just view some FB posts... hillarious.		]]></document>
	<document><![CDATA[At Chakradharpur. Feeling tired after a long journey. Hope to be a pleasant day today.		]]></document>
	<document><![CDATA[A break in the busy life. Strike makes it possible. Loving it. also enjoying doing fb.		]]></document>
	<document><![CDATA[Finally free... got rid of it.		]]></document>
	<document><![CDATA[@username what u said is nt clear.		]]></document>
	<document><![CDATA[Best way to win for RCB. Allow the opposite team 200 runs.		]]></document>
	<document><![CDATA[Splendid Hirni... will post photos soon.		]]></document>
	<document><![CDATA[End of day and end of Journey what is full of some wonderful views. Cannot post now aas no computer is available.... http://t.co/yaW1HhTf		]]></document>
	<document><![CDATA[Had a very loud and provocative alteration with someone I really respect a lot. When shall I be able to control... http://t.co/UK0zfczx		]]></document>
	<document><![CDATA[@username I just lost my cool... forget n forgive...		]]></document>
	<document><![CDATA[while in roaming... osn is the best way to communicate.		]]></document>
	<document><![CDATA[just too much heat taking its toll. feeling exhausted.... still felt good to be back in WB. seems so much at home.		]]></document>
	<document><![CDATA[Back home. just enjoying doing nothing.		]]></document>
	<document><![CDATA[Monday blues... now I know it. Must recover quickly or hv to see red all day.		]]></document>
	<document><![CDATA[Just a simple thought, not necessarily correct, people access online social networks more when they feel alone and sad...		]]></document>
	<document><![CDATA[@username the whole thing is that ke bhaiya... I am also using it...		]]></document>
	<document><![CDATA[@username I am also using the OSN so much... what do you think the reason is?		]]></document>
	<document><![CDATA[@username well... sort of...		]]></document>
	<document><![CDATA[@username ha ha... if I dont use OSN, hw ud I knw wht u say..		]]></document>
	<document><![CDATA[How to do it??? It's a mystery... and I dont know the solution		]]></document>
	<document><![CDATA[All right... I don'r want to know.		]]></document>
	<document><![CDATA[All right. I don't want to know.		]]></document>
	<document><![CDATA[Not feeling well... A lot left to do as well. huh... I thought I was just ok with what I am now.		]]></document>
	<document><![CDATA[In the middle of too much controversy the original reason to create the page got lost. Hopefully we start it from tomorrow.		]]></document>
	<document><![CDATA[Good morning guys... feeling better today... Expect some bombardment today...		]]></document>
	<document><![CDATA[The best picture taken by me till date... http://t.co/0BjRU0N2		]]></document>
	<document><![CDATA[the question is who is the 5th one? tweet people plz ignore it.		]]></document>
	<document><![CDATA[New facebook mantra: "The enemy of my enemy is my friend".		]]></document>
	<document><![CDATA[Okk... thought of the day... "LOVE" is not saying "I Love You" everyday. Rather it is to mean it...		]]></document>
	<document><![CDATA[All right GN folks.. take care... May be I need it most.		]]></document>
	<document><![CDATA[Hello and good morning... Heavy head feeling... and not a hangover (I swear I didnt drink). I need some pure rest, I guess.		]]></document>
	<document><![CDATA[OK.. start the day with a disputed statement. People say they are modern, but they allow others to be modern only... http://t.co/9FqQv8wj		]]></document>
	<document><![CDATA[Sometimes I feel good to be busy, but at the end of the day I really feel very weak.		]]></document>
	<document><![CDATA[It feels good when you are surrounded by happy faces. None likes others to cry, I wish all my friends gets happy.		]]></document>
	<document><![CDATA[Good morning... The first question remains "What is so god about this morning?".		]]></document>
	<document><![CDATA[Feeling so tired mentally and somewhat physically as well that I am not in mood to get into any more trouble... Please leave me alone...		]]></document>
	<document><![CDATA[I need a govt job. So no headaches, no burdens, no workload; best part, long idle times...		]]></document>
	<document><![CDATA[Copy paste... cholchhe.. cholbe..		]]></document>
	<document><![CDATA[feeling weak... n hv to keep going for another hour. plz.... help me.		]]></document>
	<document><![CDATA[Feeling better.. Though hv fever. Hv to be fit b4 tomorrow.		]]></document>
	<document><![CDATA[Don't hesitate to take the opportunities when you have some. You may not have again when you need them.		]]></document>
	<document><![CDATA[Listening to FM after ages (not literally). Good to hear some fav numbers...		]]></document>
	<document><![CDATA[Missing a friend very much... somebody inform her...		]]></document>
	<document><![CDATA[Seeing a doctor... :( no other option. Have to go to ISI tomorrow at any cost.		]]></document>
	<document><![CDATA[Morning guys... not so good for me ofcrs. Good to see some frnds njoyin life finding touchy stories what they want in their lives as well.		]]></document>
	<document><![CDATA[interesting. A post here got completely unnoticed whereas when the same posted by a girl in her FB wall got 9... http://t.co/3cPzCd1r		]]></document>
	<document><![CDATA[hitting the road again. always liked the journey through national highway at night even it is on 79. chhote log, chhote batein.		]]></document>
	<document><![CDATA[Eventually made time to hear my fav singer's song with full concentration and getting the meaning. sheer... http://t.co/Vl8rsGaW		]]></document>
	<document><![CDATA[Listening to my two fav singers of Bangla and English. Enjoyed the the journey apart from the pollution saying welcome to Kolkata.		]]></document>
	<document><![CDATA[Back to semi normal life. But surely need more rest than anything else.		]]></document>
	<document><![CDATA[Really weakened by the virus. cannot sit for long.		]]></document>
	<document><![CDATA[How to treat someone who calls you when you are fast asleep with 101 fvr? This is what I could do best.		]]></document>
</author>