<?xml version="1.0" encoding="UTF-8" standalone="no"?><author id="1aa8c430-853b-4bbc-b784-df4c88264ccd" lang="en">
	<document><![CDATA[@username bahaha! unfortunately i'm not a tshirt person		]]></document>
	<document><![CDATA[Mercy reunion at Olive Garden #traditions :)		]]></document>
	<document><![CDATA[After 3 months of beating my head against a wall over this persuasion, I've finally had my "aha!" moment!! #progress! #improvement!		]]></document>
	<document><![CDATA[@username i still can't wait for those Italian meatballs you're suppose to make!		]]></document>
	<document><![CDATA[@username That's us....		]]></document>
	<document><![CDATA[I lost half of my day, but I least I found this when I woke up :) @username http://t.co/yR7JZN2		]]></document>
	<document><![CDATA[Watching "Bring It On" has given me so much inspiration for the upcoming "used to be cool" party #butterflyclips #middrifts #platformshoes		]]></document>
	<document><![CDATA[Hour-long bubble bath= best decision of 2012		]]></document>
	<document><![CDATA[@username someone told me that i took your drink and spilled it everywhere. did that..... happen?		]]></document>
	<document><![CDATA[@username ahhhhaha oh good! i'm glad i was just sloppy and not agressive :)		]]></document>
	<document><![CDATA[Thinking of @username http://t.co/aEthIVg		]]></document>
	<document><![CDATA[When I called to ask about the geriatric unit at an Oklahoma prison, the prison guard responded, "Oh, the G-Unit?" #gangstagrandpas		]]></document>
	<document><![CDATA[@username it says "betch"!!		]]></document>
	<document><![CDATA[I get to see my toddlers today!!! My heart might EXPLODE with happiness :) :) #missedthemsomuch :)		]]></document>
	<document><![CDATA[@username @username @username @username I hate you Lo!		]]></document>
	<document><![CDATA[One of my tots yelled "I got a Woody!!!!" all day. Then I found out from his mom that he got Woody & Buzz toys for Christmas #thankgoodness		]]></document>
	<document><![CDATA[what a day		]]></document>
	<document><![CDATA[I have such an intense urge to watch the Disney movie version of "George of the Jungle"!!!!!!!!!!		]]></document>
	<document><![CDATA[For fitness day, I made my tots run lines, do sit-ups, and race through an obstacle course in which the obstacles were babies. #daycarelife		]]></document>
	<document><![CDATA[I cannot stop giggling over how freaking stupid last night was #gigglefit #gigglefit #seriouslycantstopgiggling #everythingwasstupid		]]></document>
	<document><![CDATA[@username You should've come up. It was like real-life Jerry Springer #entertainmentatitsfinest		]]></document>
	<document><![CDATA[@username what the heck I WAS JUST THERE and i didn't see you!		]]></document>
	<document><![CDATA[@username golly gosh! i was on the indoor track :(		]]></document>
	<document><![CDATA[Watching my favorite movie. I love this scene :) :) http://t.co/3KYoeiO		]]></document>
	<document><![CDATA[My new love of Gossip Girl has lead to an unhealthy obsession with Blake Lively #fashionicon. @username		]]></document>
	<document><![CDATA[My persuade is currently 7 pages long without a conclusion or fully developed 2nd cause. #oops #timetocut		]]></document>
	<document><![CDATA[Well this is adorable :) @username http://t.co/vFK4gTV		]]></document>
	<document><![CDATA[@username I have a class at 8am tomorrow too! What are we still doing up? #needonemoreweek		]]></document>
	<document><![CDATA[Obligatory #firstdayofschool picture!! @username http://t.co/7ykuoID		]]></document>
	<document><![CDATA[Tank top in January. Really, TEAC259 professor? #rackcity		]]></document>
	<document><![CDATA[@username Extemp is calling your name!!!! :)		]]></document>
	<document><![CDATA["Oh that's ahhh 'Chinese waterboarding'" #lube #scooters		]]></document>
	<document><![CDATA[@username omg please come over to do impressions with me!! :D #gigglepotential		]]></document>
	<document><![CDATA[@username Josh you already said "goodnight" to twitter. you can't tweet after that		]]></document>
	<document><![CDATA[Just explained the activity of forensics to Anthony. It took roughly over an hour. #holyshitihavethingstodotoday		]]></document>
	<document><![CDATA[I'm really glad I'm learning from a science textbook that still calls Pluto a planet. #hatethisclasssomuch		]]></document>
	<document><![CDATA[@username @username you guys should really be taking this class with me		]]></document>
	<document><![CDATA[@username it's not part of our solar system, it's just a dwarf planet		]]></document>
	<document><![CDATA[@username @username and I are going to #rackcity it up soon because #rackcity (does that clarify what #rackcity means?)		]]></document>
	<document><![CDATA[Omg! There's a nun in my lecture! #whyarentyoupraying		]]></document>
	<document><![CDATA[My Teddy Bears had their Christmas program tonight!! :) :) #ilooovvvemyjob :) :) http://t.co/CGn69Rl		]]></document>
	<document><![CDATA[Dinner with my AOII baby and granbaby :)		]]></document>
	<document><![CDATA[Drinkin for the the two @username @username		]]></document>
	<document><![CDATA[This weekend was amazingly successful #concordia #woonight :) :) Off to celebrate with my mom and sister for lunch :)		]]></document>
	<document><![CDATA[I CAN'T FUCKING BAKE. #biscuitcookies @username @username		]]></document>
	<document><![CDATA[That promise ring didn't have real diamonds in it.... #fakeringfakerelationship		]]></document>
	<document><![CDATA[I'm going to start saving my babysitting money to buy a new ipod #twelveyearoldfinancing		]]></document>
	<document><![CDATA[@username including all of your NSYNC and B Spears but sans your T Swift		]]></document>
	<document><![CDATA[@username I missed you too!!!! I wanted to go soooo badly!! Great job on your semis!! :(		]]></document>
	<document><![CDATA[@username I'm also crossing my fingers for the LOTR Soundtrack. @username ipod= music you don't want to admit you have		]]></document>
	<document><![CDATA[Finally home and I'm never leaving again		]]></document>
	<document><![CDATA[THANK GOD @username helping @username prepare for his date tonight. He couldn't Google "good first date jokes" on his own		]]></document>
	<document><![CDATA[Headed to fat camp! Hooray!		]]></document>
	<document><![CDATA[My 21st birthday party will be Disney princess-themed #startplanning :)		]]></document>
	<document><![CDATA[Curling up in my yoga pants and pink fuzzy slippers, about to dream about Temple Run #longestweekendofmylife		]]></document>
	<document><![CDATA[The one day I decide to go to Spanish, we read a story about a hooker. Hooray good timing!		]]></document>
	<document><![CDATA[@username when can we watch Notes on a Scandal?!!		]]></document>
	<document><![CDATA[Just slept for 10 hours and I feel like I've been hit by a bus #wannalayinbedallday #soooocomfy		]]></document>
	<document><![CDATA[OMG girl in CEHS advising office sounds EXACTLY like Marcel the Shell!!!!! #freakingout #mycarisabug #icansmellhisface #comparedtowhat		]]></document>
	<document><![CDATA[Notes on a Scandal. Oh. My. God.		]]></document>
	<document><![CDATA[@username I thought you were my FRIEND!!		]]></document>
	<document><![CDATA[@username film. I def want to read the book now though!!		]]></document>
	<document><![CDATA[@username Awww thanks Niv!! I miss you! :)		]]></document>
	<document><![CDATA[Spunky Old Broad's Month party? #somanyoptions		]]></document>
	<document><![CDATA[CoCo via email: "f-it! we would just take off feb 20th and go to Florida!" I love it when my mom sounds more irrational than me.		]]></document>
	<document><![CDATA[Keep live-tweeting @username team! It makes me feel less left out :) #missyouguysalready		]]></document>
	<document><![CDATA[@username For our eventual Rainbow Party http://t.co/cB0DHQx		]]></document>
	<document><![CDATA[I BAKED COOKIES AND THEY TURNED OUT OK!!!! #winning #redemption		]]></document>
	<document><![CDATA[Never invited to Phi Delt again but at least @username and Erin still love me and so do the McDonald's boys #mcbites #lovinit #dumbshit		]]></document>
	<document><![CDATA["Shut up you snaggle-toothed bitch." -Erin's first words of the morning #OnlyWhenErinComesToTown		]]></document>
	<document><![CDATA[Reminding me why I picked my info topic and keeping me smiling while I write it :) http://t.co/yRbaHfS		]]></document>
	<document><![CDATA[I can't believe how this insanely busy weekend actually turned out to be kind of perfect and exactly what I needed :)		]]></document>
	<document><![CDATA[This personal narrative is making me doubt that I even possess the potential to be a kindergarten teacher #stressedout #consumingmylife		]]></document>
	<document><![CDATA[For anyone who didn't know, today is "Everyone Dress Like They Have No One to Impress Day" here at UNL. #sweatseverywhere		]]></document>
	<document><![CDATA["Why am I being funny? I'm boring." - @username		]]></document>
	<document><![CDATA[Two of my favorite things combined: WILL FERRELL and SPANISH http://t.co/uvXySGC #imustseethismovie @username		]]></document>
	<document><![CDATA[There just isn't enough time in the world		]]></document>
	<document><![CDATA[Where in the world is @username ? #rock city		]]></document>
	<document><![CDATA[@username I failed again! #stillcantbake http://t.co/ganDNoW		]]></document>
	<document><![CDATA[@username ahahahaha! They're cookies but they might as well be chicken :(		]]></document>
	<document><![CDATA["Give them to....... The birds!" -my mom about mine and @username's biscuitcookies		]]></document>
	<document><![CDATA[@username Let's get some Rumchata & hotcoco & watch Gossip Girl so you can warm up and feel better! And hang out with me bc I miss you :)		]]></document>
	<document><![CDATA[@username YOU ARE THE BEST! :D		]]></document>
	<document><![CDATA[This class requires thinking? What? #tiredbrain :(		]]></document>
	<document><![CDATA[Classy sisters #panda twins @username http://t.co/Yob0p0X		]]></document>
	<document><![CDATA[@username Oh I love that song!! :)		]]></document>
	<document><![CDATA[@username Hhahaha OK thank you! I figured you'd tell me if he was a creeper :)		]]></document>
	<document><![CDATA[Feels SO GOOD to be back :) #missedtheseguys #mahbabies :) http://t.co/aRTEYeI		]]></document>
	<document><![CDATA[@username "Love lifts us up where we belong! :)		]]></document>
	<document><![CDATA[@username of course!! Word of caution, I can't sing!		]]></document>
	<document><![CDATA[@username is freaking hilarious		]]></document>
	<document><![CDATA[Working at Express tonight #thisisthewost #pleasevisitme		]]></document>
	<document><![CDATA[Let it be known that I beat @username in wwf http://t.co/bb6Ixd7		]]></document>
	<document><![CDATA[I'm still thinking about the poetry program whose thread piece was entitled "Kitties". #highschoolforensics		]]></document>
	<document><![CDATA["My college advisor was a lesbian. Her name was B.J.... Ironically." -Erin O'Gara		]]></document>
	<document><![CDATA[@username Exact repeat of me on Halloween!!		]]></document>
	<document><![CDATA[GTLS (Gym Tan Laundry Speech) day.		]]></document>
	<document><![CDATA[Oh that SWAG #gigglefit http://t.co/2V7Xsga		]]></document>
	<document><![CDATA[@username it sure was! How's astronaut training going? :)		]]></document>
	<document><![CDATA[Racking my brain for better impromptu examples. #yakillinmejonesy		]]></document>
</author>