<?xml version="1.0" encoding="UTF-8" standalone="no"?><author id="25789f19-6181-492d-9f0d-d3b6d07fcc97" lang="en">
	<document><![CDATA[@username Thanks for sharing! You're now featured on http://t.co/EDVuHmkN2T		]]></document>
	<document><![CDATA[When someone acts one way in public but a whole other way behind closed doors, what do you call it?		]]></document>
	<document><![CDATA[Big, Exciting News: My New Book is Available at Smashwords! - http://t.co/W1NXuptsGa via @username		]]></document>
	<document><![CDATA[My latest book focuses on #narcissism and #toxicrelationships. Check it out, here. http://t.co/ADDgpGvndk		]]></document>
	<document><![CDATA[My latest book! http://t.co/djVTwBrSrD		]]></document>
	<document><![CDATA[Big, Exciting News: My New Book is Available at Smashwords! http://t.co/NgX8faZUIs		]]></document>
	<document><![CDATA[Big, Exciting News: My New Book is Available at Smashwords! http://t.co/yodZVejALe		]]></document>
	<document><![CDATA[Big, Exciting News: My New Book is Available at Smashwords! http://t.co/zSfL0biPJI		]]></document>
	<document><![CDATA[Big, Exciting News: My New Book is Available at Smashwords! http://t.co/jWNe9hq2Tl		]]></document>
	<document><![CDATA[Big, Exciting News: My New Book is Available at Smashwords! http://t.co/B73vhVOyxk		]]></document>
	<document><![CDATA[Looking at It's Not Supposed to Hurt: Overcoming Toxic Love and Narcissism in Relationships https://t.co/qoQ6LkIGoQ		]]></document>
	<document><![CDATA[Big, Exciting News: My New Book is Available at Smashwords! - http://t.co/nfsznZC2Ko		]]></document>
	<document><![CDATA[3 Incredibly Awesome Ways to Change the World http://t.co/Nnyc7dRw9p		]]></document>
	<document><![CDATA[3 Incredibly Awesome Ways to Change the World http://t.co/cOM8IHTY6N		]]></document>
	<document><![CDATA[My grandparents <3 http://t.co/XTJYmhZ2H1		]]></document>
	<document><![CDATA[You're so vain, you probably think this book is about you! #narcissism #NPD - http://t.co/W1NXuptsGa via @username		]]></document>
	<document><![CDATA[Spring Fashion Trends: A Blast From the Past http://t.co/kHORR6UGGC on @username		]]></document>
	<document><![CDATA[1 new unfollower and 1 new follower (hello! hello!) in the last week. Via http://t.co/Efw9cgb6vt		]]></document>
	<document><![CDATA[I posted a new photo to Facebook http://t.co/mH081eO77m		]]></document>
	<document><![CDATA['It's Not Supposed to Hurt: Overcoming Toxic Love and Narcissism in Relationships' - http://t.co/2OrpjKcA7n via @username		]]></document>
	<document><![CDATA[Press Kit for 'It's Not Supposed to Hurt' #narcissism #npd #publishers- http://t.co/hzhsiDeR1A via @username		]]></document>
	<document><![CDATA[Here's the press kit on my new book! http://t.co/lGQxlfPt88		]]></document>
	<document><![CDATA[In case you wondered :) http://t.co/Vjm6ukAC78		]]></document>
	<document><![CDATA[Spring Fashion Trends: A Blast From the Past http://t.co/MeHcCZZxXN		]]></document>
	<document><![CDATA[Spring Fashion Trends: A Blast From the Past http://t.co/mX8jTt5oqj		]]></document>
	<document><![CDATA[Sophie (after counting her pile of change repeatedly): This is one hundred million cents. I can't believe I... http://t.co/dBdpGDywp0		]]></document>
	<document><![CDATA[3 Incredibly Awesome Ways to Change the World http://t.co/cZHy3hibfU		]]></document>
	<document><![CDATA[3 Incredibly Awesome Ways to Change the World http://t.co/B1bQ7onTae		]]></document>
	<document><![CDATA[Sophie, upon looking at herself in the mirror after we got her all ready for picture day at school: I look adorable!
me: :D		]]></document>
	<document><![CDATA[Publishing News: New Publishing Platform on LinkedIn http://t.co/gUhEgDllZy		]]></document>
	<document><![CDATA[Publishing News: New Publishing Platform on LinkedIn http://t.co/6iw4feJXji		]]></document>
	<document><![CDATA[What Makes a Narcissist Tick? http://t.co/l75fJDMk5x		]]></document>
	<document><![CDATA[Toxic Love: Portrait of a Narcissist’s Significant Other - http://t.co/vzaWFUc4j9 via @username		]]></document>
	<document><![CDATA[Toxic Family Timeout: What is Parental Narcissism? - http://t.co/6kW5A7hSs6 via @username		]]></document>
	<document><![CDATA[I received 1 shares for my post "A Hot Wife Blossoms: How to We..." (via @username) http://t.co/4C2Bro4lgT		]]></document>
	<document><![CDATA[My Month Without a Smartphone http://t.co/SNhCH81F9W		]]></document>
	<document><![CDATA[My Month Without a Smartphone http://t.co/R2BNr9iXh0		]]></document>
	<document><![CDATA[Toxic Love: Portrait of a Narcissist’s Significant Other http://t.co/cAZ5imhPhb		]]></document>
	<document><![CDATA[Toxic Love: Portrait of a Narcissist’s Significant Other http://t.co/UkZ8EWG6pR		]]></document>
	<document><![CDATA[Hey! Blissfire Media released an awesome ebook on health and fitness from celebrity personal trainer, Michael... http://t.co/Qe8qakyNR7		]]></document>
	<document><![CDATA[‘Little Black Book of Health and Fitness Tips’ by New Jersey’s Premier Personal Trainer http://t.co/40t6UooPzB via @username		]]></document>
	<document><![CDATA[How to Get Your Free eBook - http://t.co/wT0VjrZiB1 via @username		]]></document>
	<document><![CDATA[Toxic Love: Portrait of a Narcissist’s Significant Other http://t.co/uDyPSCfThA on @username		]]></document>
	<document><![CDATA['Little Black Book of Health and Fitness Tips' is Now Available in eBook - http://t.co/4hHEPch5Lr via @username #blog30 #blogboost		]]></document>
	<document><![CDATA[Want a free copy of my new ebook? - http://t.co/ZRil3wXh8D via @username		]]></document>
	<document><![CDATA[Toxic Love: Portrait of a Narcissist’s Significant Other http://t.co/yZJMUqYo4f		]]></document>
	<document><![CDATA[Toxic Love: Portrait of a Narcissist’s Significant Other http://t.co/8ggTmejgZb		]]></document>
	<document><![CDATA[Toxic Love: Portrait of a Narcissist’s Significant Other http://t.co/fKV0GbvtQo		]]></document>
	<document><![CDATA[Toxic Love: Portrait of a Narcissist’s Significant Other - http://t.co/KMF362E7bB via @username		]]></document>
	<document><![CDATA[No Treadmill, No Prob: How to Stay in Shape Without Exercise Equipment - http://t.co/D1aoHQvKVV via @username		]]></document>
	<document><![CDATA[Some people! So this kid who is as tall as me (5', but still!) has been bullying my very petite 6-year-old on the... http://t.co/GDeRtsaofq		]]></document>
	<document><![CDATA[White House hosts student film festival http://t.co/CuGoGStTBA via @username		]]></document>
	<document><![CDATA[Toxic Love: Portrait of a Narcissist’s Significant Other http://t.co/pqUAJwxpQg		]]></document>
	<document><![CDATA[Toxic Love: Portrait of a Narcissist’s Significant Other http://t.co/BQJ4YtjC8n		]]></document>
	<document><![CDATA[Toxic Love: Portrait of a Narcissist’s Significant Other - http://t.co/KMF362E7bB via @username		]]></document>
	<document><![CDATA[Change a Life by Sharing Your Story http://t.co/9tG2PeP4Qq		]]></document>
	<document><![CDATA[Change a Life by Sharing Your Story http://t.co/6QGRwhD86q		]]></document>
	<document><![CDATA[Toxic Love: Portrait of a Narcissist’s Significant Other - http://t.co/ZO1AsXX5FE via @username		]]></document>
	<document><![CDATA['It's Not Supposed to Hurt: Overcoming #ToxicLove and Narcissism in Relationships' - http://t.co/2OrpjKcA7n  #toxicrelationships		]]></document>
	<document><![CDATA[Toxic Love: New Help for Victims of Narcissism in Relationships - http://t.co/sV5x8pwtGx via @username		]]></document>
	<document><![CDATA[#TBT all over the place!		]]></document>
	<document><![CDATA[Very difficult to get things done when websites aren't functioning properly. Feeling like throwing some servers... http://t.co/h2j3BNaoVn		]]></document>
	<document><![CDATA[Toxic Love: New Help for Victims of Narcissism in Relationships http://t.co/9q480izzYz		]]></document>
	<document><![CDATA[Toxic Love: New Help for Victims of Narcissism in Relationships http://t.co/IRiyD885N5		]]></document>
	<document><![CDATA[Want a free copy of my new ebook? - http://t.co/ZRil3wXh8D via @username		]]></document>
	<document><![CDATA[Toxic Love: New Help for Victims of Narcissism in Relationships http://t.co/weorTRDeOj		]]></document>
	<document><![CDATA[Toxic Love: New Help for Victims of Narcissism in Relationships http://t.co/AKnkiP4H1o		]]></document>
	<document><![CDATA[Toxic Love: New Help for Victims of Narcissism in Relationships http://t.co/wcXPuNaKB9		]]></document>
	<document><![CDATA[What a fabulous start to my birthday. Woke up to 32 sweet messages from friends plus a stress-free morning topped... http://t.co/R1AFyyp7Ns		]]></document>
	<document><![CDATA[Toxic Love: New Help for Victims of Narcissism in Relationships - http://t.co/32zInNBUU1		]]></document>
	<document><![CDATA[The little bully and her friends made a point of showing up at our bus stop today and gave my fellow neighborhood... http://t.co/utzr90bM4v		]]></document>
	<document><![CDATA[Don't they know who we ARE? #callingoutbullies #wrongkidstomesswith #notinmyneighborhood #buddiecrew Bill... http://t.co/M4LJyAbbw0		]]></document>
	<document><![CDATA[The Busy Person’s Guide to Reducing Stress http://t.co/Da8klyM9hz		]]></document>
	<document><![CDATA[The Busy Person’s Guide to Reducing Stress http://t.co/WzgbAvleoM		]]></document>
	<document><![CDATA[Op-Ed: American Airlines shows companies can avoid laying off workers http://t.co/bMav6FDvYR via @username		]]></document>
	<document><![CDATA[Paralyzed by Perfectionism http://t.co/qNb5RUxKWG on @username		]]></document>
	<document><![CDATA[This Kind of Love: One More Benefit of Being a Hot Wife - http://t.co/PJodaE6Iwc		]]></document>
	<document><![CDATA[Dedicated to Bill Atkinson <3 http://t.co/nTXzdKz7IZ		]]></document>
	<document><![CDATA[Why One 4-Star Amazon Review of My Book is Better Than Two 5-Star Reviews http://t.co/3JRy374yZQ		]]></document>
	<document><![CDATA[Stepford Perfect: What a Hot Wife is Not - http://t.co/tR9kM1mLiv via @username		]]></document>
	<document><![CDATA[All About How to Be a Hot Wife - http://t.co/j9bOW1dIvM via @username		]]></document>
	<document><![CDATA[Paralyzed by Perfectionism http://t.co/yB5eA9WeY2		]]></document>
	<document><![CDATA[Paralyzed by Perfectionism http://t.co/JpSUuJ0Kt8		]]></document>
	<document><![CDATA[Paralyzed by Perfectionism http://t.co/mf2b7B017l		]]></document>
	<document><![CDATA[Paralyzed by Perfectionism - Project Blissful's new featured #Blogger SARAH!!! http://t.co/LybSuuLkfS via @username		]]></document>
	<document><![CDATA[Oh my GOODNESS I did a good thing. I got this amazing woman to write regularly for Project Blissful!! Sarah Kelly... http://t.co/iLPrVd1OOv		]]></document>
	<document><![CDATA[My week on twitter: 12 Mentions, 8.62K Mention Reach, 4 Replies, 1 Retweets, 168 Retweet Reach. via http://t.co/HQN1BqYnLF		]]></document>
	<document><![CDATA[The Busy Person’s Guide to Reducing Stress http://t.co/TwYJqd35bZ		]]></document>
	<document><![CDATA[The Busy Person’s Guide to Reducing Stress http://t.co/YfR3bZAVlk		]]></document>
	<document><![CDATA[Enhance Energies with a Cleanse http://t.co/WL5CinaH2j on @username		]]></document>
	<document><![CDATA[Enhance Energies with a Cleanse http://t.co/39BoWHJphx		]]></document>
	<document><![CDATA[Enhance Energies with a Cleanse http://t.co/ltvk7d9XnC		]]></document>
	<document><![CDATA[Enhance Energies with a Cleanse http://t.co/mTUhO97PGg		]]></document>
	<document><![CDATA[Enhance Energies with a Cleanse http://t.co/7RGE3lPXq8		]]></document>
	<document><![CDATA[How to Do a Complete Cleanse http://t.co/i37HtjGkfO on @username		]]></document>
	<document><![CDATA[How to Do a Complete Cleanse http://t.co/nxeNlvblQ1		]]></document>
	<document><![CDATA[How to Do a Complete Cleanse http://t.co/AcpmGZ07yU		]]></document>
	<document><![CDATA[How to Do a Complete Cleanse http://t.co/ucOjYsIIRP		]]></document>
	<document><![CDATA[How to Do a Complete Cleanse http://t.co/PeuZzU4ip7		]]></document>
	<document><![CDATA[How to Do a Complete Cleanse http://t.co/CkZJG2UESJ		]]></document>
</author>