<?xml version="1.0" encoding="UTF-8" standalone="no"?><author id="4b05f4e0-2b12-48f1-94c0-c55b4caf534c" lang="en">
	<document><![CDATA[I should probably go to bed considering I have to be up at seven ????		]]></document>
	<document><![CDATA[I'm such a sarcastic asshole, I love it. ????????		]]></document>
	<document><![CDATA[So tired ????????		]]></document>
	<document><![CDATA[Charleston bound ????		]]></document>
	<document><![CDATA[Ya you can find us where the party's at ????		]]></document>
	<document><![CDATA[@username I've never been there! I'm excited to go! ????		]]></document>
	<document><![CDATA[Laying on the beach is one of my favorite things to do ????		]]></document>
	<document><![CDATA[When I get back to Erie someone needs to be my workout buddy????		]]></document>
	<document><![CDATA[People come and go, that's just how life is		]]></document>
	<document><![CDATA[Feeling unwanted is the worst thing ever		]]></document>
	<document><![CDATA[I'm actually crying because I'm laughing so hard ????		]]></document>
	<document><![CDATA[@username still waiting		]]></document>
	<document><![CDATA[@username I know ????		]]></document>
	<document><![CDATA[@username I like the a's		]]></document>
	<document><![CDATA[Happy Birthday! @username ????????????		]]></document>
	<document><![CDATA[“@username: Shes a little scared to get close to anyone because everyone that said "ill always be here for you" left.”		]]></document>
	<document><![CDATA[I would love to live in South Carolina ????		]]></document>
	<document><![CDATA[I'm really not a big fan of cake or ice cream ????		]]></document>
	<document><![CDATA[The sun burn I got today has already turned to a tan ????		]]></document>
	<document><![CDATA[I kind of miss @username @username @username and @username ????		]]></document>
	<document><![CDATA[@username I know! We have to do something soon!		]]></document>
	<document><![CDATA[@username we leave Friday!		]]></document>
	<document><![CDATA[I love buying things for people ????		]]></document>
	<document><![CDATA["Want me to air drop them to you niggy?" @username ????????????????????		]]></document>
	<document><![CDATA[@username @username @username yay!! Miss you so much ????		]]></document>
	<document><![CDATA[We're laughing all the way to the river bank????????		]]></document>
	<document><![CDATA[@username I will be tonight!!		]]></document>
	<document><![CDATA[Hey we might look a little crazy tonight but hey baby that's alright it's our back woods boondocks roots ????????		]]></document>
	<document><![CDATA[Ya were proud to be young we stick to our guns we love who we love and we wanna have fun????		]]></document>
	<document><![CDATA[If you're looking for someone make it someone else when you're drunk and it's late and you're missing me like hell, keep it to yourself????		]]></document>
	<document><![CDATA[Come on he ain't worth the pain, do what you gotta do to forget his name ????		]]></document>
	<document><![CDATA[So go, I'll be fine on my own ????		]]></document>
	<document><![CDATA[I just want to be back in Erie ????		]]></document>
	<document><![CDATA[Am I better off dead, am I better off a quitter? ????		]]></document>
	<document><![CDATA[So excited I'm going to a fire tonight ????????		]]></document>
	<document><![CDATA[I just want it all ????		]]></document>
	<document><![CDATA[Reminds me of @username @username and @username miss my girls ???????? http://t.co/wCNwfJjvt6		]]></document>
	<document><![CDATA[Headphones in world out ??????		]]></document>
	<document><![CDATA[I hate having anxiety ????		]]></document>
	<document><![CDATA[I can't do this car ride anymore		]]></document>
	<document><![CDATA[You wanna be starting something you got to be starting something ????		]]></document>
	<document><![CDATA[“@username: story of my life http://t.co/1dCQbk4ePn”		]]></document>
	<document><![CDATA[WHAT THE ACTUAL FUCK. WHY IS THERE MORE TRAFFIC ????????????????		]]></document>
	<document><![CDATA[Impatiently waiting for @username to put the parasailing pictures up ????		]]></document>
	<document><![CDATA[Happy Birthday! ???????? @username		]]></document>
	<document><![CDATA[Happy Birthday @username ????????		]]></document>
	<document><![CDATA[@username you're welcome!		]]></document>
	<document><![CDATA[Excited to reunite with @username tonight ??????		]]></document>
	<document><![CDATA[I want to get a big group of people to go to the beach tomorrow. Who's in? ????		]]></document>
	<document><![CDATA[“@username: "@username: "@username: You find out who your friends are. . :: .~ http://t.co/xfDzP3y9w5""”		]]></document>
	<document><![CDATA[My family is completely plastered. ????????????????????????????????		]]></document>
	<document><![CDATA[I'm about to drop all of my AP classes because fuck summer work ????????????		]]></document>
	<document><![CDATA[People are so fake nowadays		]]></document>
	<document><![CDATA[Stressed to the max????		]]></document>
	<document><![CDATA[What's shoved up mine and @username parents asses today? #crazy		]]></document>
	<document><![CDATA[Never try to take 2 ap classes. Ever.		]]></document>
	<document><![CDATA[@username lang and psychology. I'm about to drop lang I think because I can't do it		]]></document>
	<document><![CDATA[@username ya is chem a lot of work?		]]></document>
	<document><![CDATA[@username wow. That's nothing at all		]]></document>
	<document><![CDATA[@username ya that's true. There's a ton of work for lang. Psyc isn't bad		]]></document>
	<document><![CDATA[@username there's chapters in the book you have to read. Then you have to do the assignments in the book plus the things on moodle		]]></document>
	<document><![CDATA[If it weren't for @username I'd never have games on my phone ???????? #soaddicted		]]></document>
	<document><![CDATA[You know, if my dog was as ugly as you I'd shave his butt and tell him to walk backwards.		]]></document>
	<document><![CDATA[I think @username should talk to batters like Porter does ????		]]></document>
	<document><![CDATA[Benny Rodriguez was one of my first crushes ????????????????????		]]></document>
	<document><![CDATA[It's so pink outside ????		]]></document>
	<document><![CDATA[To go for a run before practice orrrrrrr		]]></document>
	<document><![CDATA[No one will ever understand the way I think ????		]]></document>
	<document><![CDATA[Really glad I got to hangout with @username last night ????		]]></document>
	<document><![CDATA[@username yes please ????????		]]></document>
	<document><![CDATA[@username ???????????? I hate you		]]></document>
	<document><![CDATA[@username right right		]]></document>
	<document><![CDATA[I wanna do something tonight ????		]]></document>
	<document><![CDATA[This is looking like a contest, of who can act like they care less????		]]></document>
	<document><![CDATA[Why do I feel like I'm a second choice to everyone? ????		]]></document>
	<document><![CDATA[Oh, you don't like the way I live my life? Well that's to fucking bad ????		]]></document>
	<document><![CDATA[Happiness is a choice. So if you chose to be miserable all of the time I don't feel bad for you at all.		]]></document>
	<document><![CDATA[If you're out of high school and you still have pity drama in your life I honestly feel bad for you.		]]></document>
	<document><![CDATA[My life ???????? http://t.co/6OXxx0epI7		]]></document>
	<document><![CDATA[@username you're welcome for making you listen to that song		]]></document>
	<document><![CDATA[@username and I are actually laughing at carrot jokes right now ????????????????????????????????????????????????????????????????		]]></document>
	<document><![CDATA[The fact that Claire won't text me back<<< @username		]]></document>
	<document><![CDATA[@username is a bitch		]]></document>
	<document><![CDATA[I was having a great day...... Until now		]]></document>
	<document><![CDATA[Why aren't I watching gossip girl?		]]></document>
	<document><![CDATA[@username you did it to yourself		]]></document>
	<document><![CDATA[@username @username you're suppose to take my ardent		]]></document>
	<document><![CDATA[@username @username we're not related anymore		]]></document>
	<document><![CDATA[@username @username no that's not allowed either		]]></document>
	<document><![CDATA[Well this is embarrassing.		]]></document>
	<document><![CDATA[@username we can all hope		]]></document>
	<document><![CDATA[Well tonight took a turn for the worst ????		]]></document>
	<document><![CDATA[@username you said cute twice and I know I'm cute		]]></document>
	<document><![CDATA[I don't understand how you can just do these things knowing you're tearing your family apart ????		]]></document>
	<document><![CDATA[@username thanks Kayla ??		]]></document>
	<document><![CDATA[@username thank you so much!		]]></document>
	<document><![CDATA[Love love love the 4th of July ??????????????		]]></document>
	<document><![CDATA[@username painted my nails really well last night????????		]]></document>
	<document><![CDATA[Glad I'm getting close to my twin again ???? http://t.co/xXvvy2NHCJ		]]></document>
	<document><![CDATA[happy birthday to one if my closest guy friends! Glad we got close this year! ???????????? @username http://t.co/CUPSz9c3QV		]]></document>
</author>