<?xml version="1.0" encoding="UTF-8" standalone="no"?><author id="61c4aca8-6e7f-4da3-9b30-1f99f7656189" lang="en">
	<document><![CDATA[don't happy be worry		]]></document>
	<document><![CDATA[someone please give this cat some bacon http://t.co/2l0XFVEwOq		]]></document>
	<document><![CDATA[due gatti #afterlight #milano #rooftop @username Milan, Italy http://t.co/WS3O1mOl7q		]]></document>
	<document><![CDATA[astro_kit's photo http://t.co/YcRyRZeYKX		]]></document>
	<document><![CDATA[#swag with @username haha @username IED MASTER http://t.co/3VpEdkGamU		]]></document>
	<document><![CDATA[from bed @username Via Lulli http://t.co/Zz3NPbun2L		]]></document>
	<document><![CDATA[PORCA TROIA MA CHE CAZZO DI CALDO CHE FA @username IED MASTER http://t.co/6StvFMjZFR		]]></document>
	<document><![CDATA[“@username: The Brazilian National Team begins the World Cup today, on the 12th. Coincidence? Not at all :)" WAT		]]></document>
	<document><![CDATA[CARALHO PORRA TOMAR NO CUUUUUUU		]]></document>
	<document><![CDATA[there goes the tram #afterlight #milan #italy @username Via Lulli http://t.co/n7Hqxoeb3v		]]></document>
	<document><![CDATA[che schifo http://t.co/pGm0U4RZRw		]]></document>
	<document><![CDATA[from the boat @username Lake Como http://t.co/Temcu1Ou15		]]></document>
	<document><![CDATA[that view tho @username Bellagio Centro http://t.co/qENPXBpMex		]]></document>
	<document><![CDATA[GO ENGLAND (with Italian beer) @username Serenissima Repubblica del Pitale d'Argento http://t.co/Vq03WZegeT		]]></document>
	<document><![CDATA[an italian classic http://t.co/6n8ZDe4myV		]]></document>
	<document><![CDATA[and the Oscar goes to putaquepariu		]]></document>
	<document><![CDATA[CHEGAI JO		]]></document>
	<document><![CDATA[CONTANDO NGM ACREDITA		]]></document>
	<document><![CDATA[cabou		]]></document>
	<document><![CDATA[#arnies #ny #newyork #regram #afterlight #vscocam #deli #b&w #archive @username New York City http://t.co/KPEXsJxCSy		]]></document>
	<document><![CDATA[please gimme discount coupons @username loads of it		]]></document>
	<document><![CDATA[#brasil #milan #italy #vscocam #afterlight #bike @username IED MASTER http://t.co/995q9Eslh9		]]></document>
	<document><![CDATA[I walked the line #lpw2014 #letterpress #letterpressworkers #novepunti #milano #italy #design… http://t.co/Gv6Q7vIUTG		]]></document>
	<document><![CDATA[FREE T-Shirt for Designers!  Get this Kyle Steed original from @username: http://t.co/dlAOls4xt2 http://t.co/LqDusnNjp9 #invisiontee		]]></document>
	<document><![CDATA[CRISTO		]]></document>
	<document><![CDATA[some people might be unaware of New Zealand's official wizard: http://t.co/s0fHZkfP7P		]]></document>
	<document><![CDATA[isso é bullying		]]></document>
	<document><![CDATA[btf que o fred queria fazer cosplay do tony stark pra formar the avengers com o Hulk mas errou na gilete		]]></document>
	<document><![CDATA[it rained (cats & dogs) #milan #italy #afterlight #rain #vsco #vscocam @username Milano Piola http://t.co/J1SkCLSe7U		]]></document>
	<document><![CDATA[after the storm #vsco #vscocam #afterlight #milan #italy #toys #rain @username Via Lulli http://t.co/x3egR6rBlX		]]></document>
	<document><![CDATA[that's how #mornings goes #wasup #afterlight #milan #italy @username Via Lulli http://t.co/rg1TkXdqug		]]></document>
	<document><![CDATA[CARALHO GOL BUCETA AAAAAAAH DESGRAÇA		]]></document>
	<document><![CDATA["olha o fred em campo" - "ué kd fred" - "fred burro"		]]></document>
	<document><![CDATA[WE GOT A HULK		]]></document>
	<document><![CDATA[CHEGA DE BRINCADEIRA AGR		]]></document>
	<document><![CDATA[EHEEEEE QUE ESSE JUIZ TA FODIDO DEMAIS		]]></document>
	<document><![CDATA[GENTE SOU ATEU TÔ REZANDO		]]></document>
	<document><![CDATA[the never-ending cycle of mornings #afterlight #circular #coffee #milan #italy #vsco #iphonephoto @username… http://t.co/v6nPoOT3MT		]]></document>
	<document><![CDATA[AS COISAS QUE MINHA MÃE MANDA NO WHATSAPP POVO BRASILEIRO TA PIOR QUE A GALERA DA FIRMA		]]></document>
	<document><![CDATA[don't know about you guys but it looks pretty awesome to me http://t.co/7bIyc9bhU0		]]></document>
	<document><![CDATA[IED Milano should get involved with this crowdfunding. Congrats frog design ;D http://t.co/z1ewCEmhde		]]></document>
	<document><![CDATA[That stare #museodel900 #museum #art #italy #milan #afterlight #archive @username Museo Del '900, Milano http://t.co/skxH88MUpL		]]></document>
	<document><![CDATA[Just chilling and shit #milan #italy #afterlight @username Massive Arts Studios http://t.co/sCOyf8LTXM		]]></document>
	<document><![CDATA[GO BACON err… BRAZIL #bacon #brazil #milan #italy #foodporn #baconjam #afterlight (thanks sweetmingo)… http://t.co/rgh3zS7Yog		]]></document>
	<document><![CDATA[CARALHOOOOOOOOOOOOOOOOOOOOOOOOOOOOOOOOOOOOOOOOOOEIAAAAAA		]]></document>
	<document><![CDATA[thirst is real http://t.co/8xJ5jn4GPA		]]></document>
	<document><![CDATA[your letterpress will never be this good http://t.co/Sn4XvQG9lk		]]></document>
	<document><![CDATA[Swing #turin #italy @username Torino, Piemonte http://t.co/EDPmBtVyzw		]]></document>
	<document><![CDATA[Chimney #turin #italy #afterlight @username Torino, Piemonte http://t.co/chwQsrC4jw		]]></document>
	<document><![CDATA[Ô SENHOOOOOOOR CONSERTA MAR-TE		]]></document>
	<document><![CDATA[before the rain #milan #italy #afterlight #vscocam @username Loreto (Milan Metro) http://t.co/hwBZUfBkYM		]]></document>
	<document><![CDATA["Published on 16 Jun 2014" http://t.co/sVl5l7YCp9		]]></document>
	<document><![CDATA[cupcakes are finally dead		]]></document>
	<document><![CDATA[roof #archive #afterlight #turin #italy #vscocam #vsco @username Torino, Piemonte http://t.co/rASYkTYhBT		]]></document>
	<document><![CDATA[i wouldn't mind these on Ryanair or easyJet……… ;) http://t.co/PaTmiVf95V		]]></document>
	<document><![CDATA[long shadow incomoda muita gente (eu inclusive)		]]></document>
	<document><![CDATA[sunny by the fountain #milan #italy #kids #play #vscocam #vsco #afterlight @username Piazza Gae Aulenti http://t.co/Z99N1pf1IG		]]></document>
	<document><![CDATA[too hot #milan #italy #vsco #vscocam #afterlight #summer http://t.co/FbvwilLJni		]]></document>
	<document><![CDATA[sunny by the fountain #summer #milan #italy #kids #play #vsco #vscocam #afterlight @username Piazza Gae Aulenti http://t.co/885t7dQbQT		]]></document>
	<document><![CDATA[not that i'm drunk and working late on a saturday night or anything but…: http://t.co/j75fnuSiD2		]]></document>
	<document><![CDATA[VAMO BEBER GNT QUE HOJE SEXTA FEEEIRA		]]></document>
	<document><![CDATA[the simplest way to manage your tasks
OR
how to feel you actually have your tasks managed

(either way it looks... http://t.co/hc4j5tvLPR		]]></document>
	<document><![CDATA[idade mental: instalando the sims		]]></document>
	<document><![CDATA[Dear (London) friends. I'm planning to spend a few days in London this August and I kindly ask if some of you... http://t.co/l40d9vagTd		]]></document>
	<document><![CDATA["can Samsung do headphones better than Beats?" a pergunta é "pode a Apple® fazer headphones Beats® melhores?????"		]]></document>
	<document><![CDATA[a Apple® deveria comprar era a Sennheiser® ou a SoundMagic®, isso sim		]]></document>
	<document><![CDATA[VIDEO: Dog sees owner for the first time in 2 years http://t.co/tnmIRilkpA		]]></document>
	<document><![CDATA[Che Bélo! http://t.co/tPPgzuZm57		]]></document>
	<document><![CDATA["o forninho caiu" is the new "a casa caiu"		]]></document>
	<document><![CDATA[one of the rare blogs it's worthy to read the comments: http://t.co/RFhf2mIG2b http://t.co/aWpoQCueod		]]></document>
	<document><![CDATA[R??E??I????C????H ~https://t.co/1zvQB1ui0X		]]></document>
	<document><![CDATA[this is "unamerican" hahahaha http://t.co/G7jDeMmlha		]]></document>
	<document><![CDATA[the strangest thing #matterapp @username Barcelona,Spain http://t.co/4YobGcKr1R		]]></document>
	<document><![CDATA[EM PRIMEIRO LUGAR PQ TEM EX NAMORADA NO FB MSM???????		]]></document>
	<document><![CDATA[PUQ FSSE TA FALANO TESS XEEEEITOOOOANN		]]></document>
	<document><![CDATA[OK NOSSA PRESIDENTE SER UMA MULHER MAS……………		]]></document>
	<document><![CDATA[VOCE TROCARIA TODOS OS MOSQUITOS DA TERRA PELA MESMA QUANTIDADE DE T-REX????????? R: SIIIIIIIIIIIIM		]]></document>
	<document><![CDATA[COM
PATILHA		]]></document>
	<document><![CDATA[2014's darwin awards list keeps growing………… http://t.co/ohn4IBAAJY		]]></document>
	<document><![CDATA[So far so good (@username Frankfurt (Main) Hauptbahnhof in Frankfurt am Main, Hessen w/ 8 others) https://t.co/lyO1q3uTpR		]]></document>
	<document><![CDATA[I'm at @username in Soho, Greater London https://t.co/mWvK5Lv9DB		]]></document>
	<document><![CDATA[Les Miserables screening (@username Opera Holland Park) https://t.co/pLqmCHc23d		]]></document>
	<document><![CDATA[featured by AIGA http://t.co/10znMcmI6H		]]></document>
	<document><![CDATA[Guinness o'clock (@username The Globe in London) https://t.co/5GVLgE8NYM		]]></document>
	<document><![CDATA[Getting wet-- still great w/ Maria (@username Notting Hill Carnival) https://t.co/zBJLnpQ4un		]]></document>
	<document><![CDATA[London, you mad, eccentric, cold, and outrageously expensive, fun and ridiculous place. You will always have a... http://t.co/HJAtuvYVxZ		]]></document>
	<document><![CDATA[FOOOOOOOOOOOD (at @username in London, Greater London) https://t.co/5L4uCBEoRA		]]></document>
	<document><![CDATA[One more time (at @username in Soho, Greater London) https://t.co/tPOuzZCcnZ		]]></document>
	<document><![CDATA[oh well…… (@username London Stansted Airport (STN) - @usernamestn_airport in Stansted Mountfitchet, Essex) https://t.co/TPJVyGRPrF		]]></document>
	<document><![CDATA[what can one do at an empty airport during the night…? (@username Frankfurt @usernameHahnAirport (HHN) in Hahn-Flughafen, Germany) https://t.co/sS2fB6Q3S1		]]></document>
	<document><![CDATA["it's 2am let me sing you the song of my people" HAHAHAHA http://t.co/Xl5NDF8xNL		]]></document>
	<document><![CDATA[@username TO THE WINDOOOOOOOOOOOOW (TO THE WALL)		]]></document>
	<document><![CDATA[my kind of nap http://t.co/Lutc5Tn9si		]]></document>
	<document><![CDATA[Finally NY (at @username Wall Street in New York, NY) https://t.co/4yk2vPBEGb		]]></document>
	<document><![CDATA[I'm at Meatpacking District in New York, NY https://t.co/T2JavoTHHe		]]></document>
	<document><![CDATA[MAS GENTE TEM CABOCO QUE NAO DESISTE		]]></document>
	<document><![CDATA["Respond to Your 44 Friend Requests" —N˜AO		]]></document>
	<document><![CDATA[HA MENOS BELEZA NUM SALAO DE BELEZA		]]></document>
	<document><![CDATA[malkovich for president (of the world) http://t.co/PLWdmTICy8		]]></document>
	<document><![CDATA["Physicists Achieve Quantum Teleportation of Photon Over 25 Kilometers" #AgoraVai		]]></document>
</author>