<?xml version="1.0" encoding="UTF-8" standalone="no"?><author id="6919c68c-ce0f-47b7-a5f7-9e55eef6a557" lang="en">
	<document><![CDATA[Nasa to turn ISS into perfect Earth-observing platform - http://t.co/55JsEhjag2 via http://t.co/fRzHtmogE7		]]></document>
	<document><![CDATA[Textbook theory of volcanoes is wrong: study - http://t.co/SKkbpTYxDt via http://t.co/fRzHtmogE7		]]></document>
	<document><![CDATA[Eat mangoes to lower your blood sugar - http://t.co/zPmVXLwXry via http://t.co/fRzHtmogE7		]]></document>
	<document><![CDATA[Scientists closer to building replacement kidneys in lab - http://t.co/YHMLJvy6hG via http://t.co/fRzHtmogE7		]]></document>
	<document><![CDATA[Myth or fact: Is Hibiscus the new drug to cure diabetes naturally? - http://t.co/ZFp9BWDk9g via http://t.co/fRzHtmogE7		]]></document>
	<document><![CDATA[Hundreds of thousands marooned by floods in India-held Kashmir - http://t.co/GU8vQ4G5Dy via http://t.co/fRzHtmogE7		]]></document>
	<document><![CDATA[Gmail Hacked? Not Quite, Says Google (but Change Your Password) - http://t.co/nYUoUBlx9w via http://t.co/fRzHtmogE7		]]></document>
	<document><![CDATA[Winning a medal at Rio would give me a chance to leave the game on a high ... - http://t.co/93L1axRFNr via http://t.co/fRzHtmogE7		]]></document>
	<document><![CDATA[PM condoles the passing away of educationist Kireet Joshi http://t.co/wUgXuQtjFP via @username		]]></document>
	<document><![CDATA[India-China relations go beyond 'plain arithmetic': Modi - http://t.co/oRId6zvqgJ via http://t.co/fRzHtmogE7		]]></document>
	<document><![CDATA[Jadavpur University molestation case: Protesting students beaten up by police ... - http://t.co/xeM7lkNYl9 via http://t.co/fRzHtmogE7		]]></document>
	<document><![CDATA[Xi Jinping to begin India visit from Ahmedabad; PM Narendra Modi to welcome him - http://t.co/N0ALBFcgiq via http://t.co/fRzHtmogE7		]]></document>
	<document><![CDATA[Obama Urges Global Effort to Stem Ebola as Virus Spreads - http://t.co/YTLiYwlSgt via http://t.co/fRzHtmogE7		]]></document>
	<document><![CDATA[NASA contracts with SpaceX and Boeing for space transport - http://t.co/UR9eo5LJaH via http://t.co/fRzHtmogE7		]]></document>
	<document><![CDATA[Asian Games 2014: National coach accused of harassment - http://t.co/OxUKusbFux via http://t.co/fRzHtmogE7		]]></document>
	<document><![CDATA[Typhoon Kalmaegi hits south China - http://t.co/s1LHXI2zeA via http://t.co/fRzHtmogE7		]]></document>
	<document><![CDATA[Long work hours may raise risk of heart disease - http://t.co/Ng1wDSihUR via http://t.co/fRzHtmogE7		]]></document>
	<document><![CDATA[We have to work together to raise the football standards in India, says former ... - http://t.co/XGQbDPCU8R via http://t.co/fRzHtmogE7		]]></document>
	<document><![CDATA[Deepika Kumari seeks to bury London ghosts with Asiad medal - http://t.co/gYw946HUiG via http://t.co/fRzHtmogE7		]]></document>
	<document><![CDATA[PM Modi bets on 'Team India', stable government | Business Standard News: http://t.co/3Guoot7e5v		]]></document>
	<document><![CDATA[Bill Gates meets Transport Minister Nitin Gadkari; to meet Narendra Modi today - http://t.co/IIJSUdCyXv via http://t.co/fRzHtmogE7		]]></document>
	<document><![CDATA[Two-time grand slam winner Li Na retires; to continue work for growth of tennis in ... - http://t.co/WwiPMQ1S2x via http://t.co/fRzHtmogE7		]]></document>
	<document><![CDATA[PLA ordered to follow Xi's orders - http://t.co/Yl7hyAoi4L via http://t.co/fRzHtmogE7		]]></document>
	<document><![CDATA[New gene-editing method to kill superbugs - http://t.co/mWI2dGSt83 via http://t.co/fRzHtmogE7		]]></document>
	<document><![CDATA[Treat for Indian tennis: Serena, Roger all in to play in International Premier ... - http://t.co/CjQaMXmiYu via http://t.co/fRzHtmogE7		]]></document>
	<document><![CDATA[PM to witness Mars Orbiter Insertion at ISRO facility - http://t.co/2rpUus1ZRa via http://t.co/fRzHtmogE7		]]></document>
	<document><![CDATA[US Is Carrying Out Vast Majority of Strikes on ISIS, Military Officials Say - http://t.co/ZZ7SIEXEzr via http://t.co/fRzHtmogE7		]]></document>
	<document><![CDATA[Harsh Vardhan reviews extent of damage in J-K; assures support from Centre - http://t.co/rOl3Vr9GzF via http://t.co/fRzHtmogE7		]]></document>
	<document><![CDATA[The secret to a long life? 80% of men could avoid a heart attack with just five ... - http://t.co/2qW1kZUQpV via http://t.co/fRzHtmogE7		]]></document>
	<document><![CDATA['Liar's Dice' Selected as India's Entry at Academy Awards - http://t.co/PAxZLGuzvB via http://t.co/fRzHtmogE7		]]></document>
	<document><![CDATA[SC to decide fate of 218 coal blocks today - http://t.co/KPopl1XGJm via http://t.co/fRzHtmogE7		]]></document>
	<document><![CDATA[Government curbs power of regulator to cap HIV, cancer drug prices - http://t.co/tLoQW8Xgjw via http://t.co/fRzHtmogE7		]]></document>
	<document><![CDATA[Watch: Hrithik Roshan: Life Has Been Easy After Split - http://t.co/dJycud9Xxp via http://t.co/fRzHtmogE7		]]></document>
	<document><![CDATA[Fire at SAIL, 21 injured - http://t.co/fIlrMAHA0I via http://t.co/fRzHtmogE7		]]></document>
	<document><![CDATA[Jammu and Kashmir DGP's daughter held for running over man - http://t.co/qauB6JB62Q via http://t.co/fRzHtmogE7		]]></document>
	<document><![CDATA[China wants further global action on Ebola crisis - http://t.co/9Demreo48F via http://t.co/fRzHtmogE7		]]></document>
	<document><![CDATA[`Deeply touched` by warm welcome in New York: PM Narendra Modi - http://t.co/nrhpUokXhV via http://t.co/fRzHtmogE7		]]></document>
	<document><![CDATA[Street children paint their contribution for relief work in J&K - http://t.co/3CyRcGqDuy via http://t.co/fRzHtmogE7		]]></document>
	<document><![CDATA[Delhi High Court orders Om Prakash Chautala to surrender by October 17 - http://t.co/GC63aU5tuG via http://t.co/fRzHtmogE7		]]></document>
	<document><![CDATA[Asian Games LIVE: India win men's compound archery team gold; two more at ... - http://t.co/dYTl9mO9Yk via http://t.co/fRzHtmogE7		]]></document>
	<document><![CDATA[Sania Mirza, Saketh Myneni clinch elusive Asiad gold in tennis
 http://t.co/L3YfvFSAvV
Source: HEADLINES TODAY		]]></document>
	<document><![CDATA[India's discus thrower Seema Punia clinches gold at Asian Games
 http://t.co/4oxQb4BJC2
Source: HEADLINES TODAY		]]></document>
	<document><![CDATA[On Day 4, Prime Minister Modi meets Clintons
 http://t.co/Mt1ZPvwdqI
Source: HEADLINES TODAY		]]></document>
	<document><![CDATA[LIVE: US realised the danger of terrorism after 9/11, says Modi
 http://t.co/rxgTUz9Nhs
Source: HEADLINES TODAY		]]></document>
	<document><![CDATA[Ashraf Ghani Ahmadzai sworn in as Afghanistan president
 http://t.co/jae1AzNOz8
Source: HEADLINES TODAY		]]></document>
	<document><![CDATA[Super 30 founder invited to speak at MIT and Harvard
 http://t.co/WI6w8usRlY
Source: HEADLINES TODAY		]]></document>
	<document><![CDATA[Researchers say dog's epigenome gives clues to human cancer - http://t.co/0FOG1vzjkr via http://t.co/fRzHtmogE7		]]></document>
	<document><![CDATA[Wish to undertake an underwater expedition? You may no longer need those ... - http://t.co/Ot2BpHx0fb via http://t.co/fRzHtmogE7		]]></document>
	<document><![CDATA[Nobel Prize for medicine goes to discoverers of brain's internal GPS - http://t.co/gEohs60PwE via http://t.co/fRzHtmogE7		]]></document>
	<document><![CDATA[Bombs manufactured in Burdwan meant for Bangladesh - http://t.co/B1zqzpSNrJ via http://t.co/fRzHtmogE7		]]></document>
	<document><![CDATA[Government launches National Mental Health Policy - http://t.co/Nvk7bFX9cH via http://t.co/fRzHtmogE7		]]></document>
	<document><![CDATA[Malala Yousafzai and Kailash Satyarthi Are Awarded Nobel Peace Prize - http://t.co/43uxDGFrT5 via http://t.co/fRzHtmogE7		]]></document>
	<document><![CDATA[Now reduce adolescent spine problem with 90secs of daily 'yoga pose' - http://t.co/vPCQqm7kTn via http://t.co/fRzHtmogE7		]]></document>
	<document><![CDATA[A new method to study the evolution of the universe - http://t.co/OT1AzOlsIm via http://t.co/fRzHtmogE7		]]></document>
	<document><![CDATA[Microsoft to look at gender gap after Nadella pay raise gaffe - http://t.co/3qkBsj4ucf via http://t.co/fRzHtmogE7		]]></document>
	<document><![CDATA[Anonymous hacker group releases data from Chinese govt sites - http://t.co/hsAPMxoVHd via http://t.co/fRzHtmogE7		]]></document>
	<document><![CDATA[Countdown for IRNSS 1C navigation satellite launch commences at Sriharikota - http://t.co/C1GOMM49ZJ via http://t.co/fRzHtmogE7		]]></document>
	<document><![CDATA[Amazon and Future Group ink deal to sell goods online; starting with apparel - http://t.co/ND6Xk4adaS via http://t.co/fRzHtmogE7		]]></document>
	<document><![CDATA[Sri Lanka's Colombo-Jaffna railway to reopen - http://t.co/4SCK7nRXNN via http://t.co/fRzHtmogE7		]]></document>
	<document><![CDATA[Oscar Pistorius due back in court as sentencing starts - http://t.co/HqIDo964tC via http://t.co/fRzHtmogE7		]]></document>
	<document><![CDATA[CDC head criticized for blaming 'protocol breach' as nurse gets Ebola - http://t.co/5CWnuMQpVk via http://t.co/fRzHtmogE7		]]></document>
	<document><![CDATA[Jean Tirole wins 2014 Nobel Prize for Economics - http://t.co/O6gsOhmz1c via http://t.co/fRzHtmogE7		]]></document>
	<document><![CDATA[NIA chief monitors probe into Burdwan blast - http://t.co/3UlHKJHrWP via http://t.co/fRzHtmogE7		]]></document>
	<document><![CDATA[Canada parliament attacker had planned to travel to Syria, say police - http://t.co/hsPRHepgHd via http://t.co/fRzHtmogE7		]]></document>
	<document><![CDATA[Sensex, Nifty closed on account of 'Diwali Balipratipada' - http://t.co/g374vXH8XM via http://t.co/fRzHtmogE7		]]></document>
	<document><![CDATA[Middle East Updates / US threatens sanctions on buyers of ISIS oil - http://t.co/G7OLz4Fdvb via http://t.co/fRzHtmogE7		]]></document>
	<document><![CDATA[China's Xiaomi shifts some smartphone user data out of Beijing on privacy ... - http://t.co/SHd8EAFOEJ via http://t.co/fRzHtmogE7		]]></document>
	<document><![CDATA['Anti-Facebook' social network gets fresh funding - http://t.co/X9XGjngeVg via http://t.co/fRzHtmogE7		]]></document>
	<document><![CDATA[Mangalyaan: It needed a Google doodle to remind us of Mars orbiter success - http://t.co/95BQs1pDjg via http://t.co/fRzHtmogE7		]]></document>
	<document><![CDATA[India's first fish hospital to come up in Kolkata - http://t.co/RoLxryDOuv via http://t.co/fRzHtmogE7		]]></document>
	<document><![CDATA[Highly unexpected methane clouds sighted in Titan's stratosphere - http://t.co/YGp2KdNMwW via http://t.co/fRzHtmogE7		]]></document>
	<document><![CDATA[India's air force has grounded smartphones made by Chinese high-flyer Xiaomi - http://t.co/Cm5LLhFugO via http://t.co/fRzHtmogE7		]]></document>
	<document><![CDATA[Seriously :)  Taking a 'selfie' may help cure skin problems - http://t.co/dm8OsvpI0I via http://t.co/fRzHtmogE7		]]></document>
	<document><![CDATA[Angry US envoy hits out at global response to Ebola - http://t.co/V4IRFML6Fg via http://t.co/fRzHtmogE7		]]></document>
	<document><![CDATA[Promising target for HIV treatment identified - http://t.co/Are8yWz8kx via http://t.co/fRzHtmogE7		]]></document>
	<document><![CDATA[Indian-American discovers stem cells to kill brain cancer - http://t.co/X0wQvNgHbk via http://t.co/fRzHtmogE7		]]></document>
	<document><![CDATA[Maharashtra CM naming today, Sena woos BJP - http://t.co/RedbMZRIa4 via http://t.co/fRzHtmogE7		]]></document>
	<document><![CDATA[Black money live: Cong denies close ties with mining magnate Radha Timblo - http://t.co/LJ9TsXupBI via http://t.co/fRzHtmogE7		]]></document>
	<document><![CDATA[SoftBank buys $627 million stake in Snapdeal - http://t.co/7YxBLjDnZr via http://t.co/fRzHtmogE7		]]></document>
	<document><![CDATA[Road rage? Three Bangalore techies, gym owner held for assault on Nagaland ... - http://t.co/XxEwTEJpuz via http://t.co/fRzHtmogE7		]]></document>
	<document><![CDATA[Centre to set up "Ganga Vahini" for protecting Ganga - http://t.co/aSvIZg1xjD via http://t.co/fRzHtmogE7		]]></document>
	<document><![CDATA[Rare Survey Examines Sex Assault at MIT - http://t.co/U1Cx4MWfjK via http://t.co/fRzHtmogE7		]]></document>
	<document><![CDATA[India's GDP likely to grow by 5.6 per cent this fiscal: World Bank - http://t.co/6hyruOvKce via http://t.co/fRzHtmogE7		]]></document>
	<document><![CDATA[Sports Ministry asks Boxing India to take charge of Sarita Devi issue - http://t.co/cTJNC5ymOS via http://t.co/fRzHtmogE7		]]></document>
	<document><![CDATA[Prakash Javadekar asks developed world to put their money where their mouth ... - http://t.co/k3bdFpw3Tu via http://t.co/fRzHtmogE7		]]></document>
	<document><![CDATA[Team discovers how microbes build a powerful antibiotic - http://t.co/UO6HvVC0RT via http://t.co/fRzHtmogE7		]]></document>
	<document><![CDATA[New leukaemia drug kills 90% of the cancer in its first dose - http://t.co/B5LdUgMbuP via http://t.co/fRzHtmogE7		]]></document>
	<document><![CDATA[Google doodle celebrates 100th birthday of Jonas Salk, who developed polio ... - http://t.co/NAvuwAxYfe via http://t.co/fRzHtmogE7		]]></document>
	<document><![CDATA[2800 Karnataka doctors resign, but govt refuses to budge - http://t.co/G6ALBNTL13 via http://t.co/fRzHtmogE7		]]></document>
	<document><![CDATA[Hope the same 4 Ind and Pak  --China, Vietnam want lasting solution to sea dispute - http://t.co/VBp3RIqucA via http://t.co/fRzHtmogE7		]]></document>
	<document><![CDATA[BJP 'running away' from fresh polls in Delhi: AAP, Congress - http://t.co/qE69aOg23o via http://t.co/fRzHtmogE7 - one more kejri act #kejri		]]></document>
	<document><![CDATA[Devendra Fadnavis selected new Maharashtra CM - http://t.co/3WLcxlL0Zh via http://t.co/fRzHtmogE7		]]></document>
	<document><![CDATA[Indian's helping hand at Ebola camp - http://t.co/ILH2jpaJOq via http://t.co/fRzHtmogE7		]]></document>
	<document><![CDATA[1 World Trade Center Opening Highlights Rebirth, Renewal Following 9/11 Attacks - http://t.co/kYTRJEqb4S via http://t.co/fRzHtmogE7		]]></document>
	<document><![CDATA[Kolkata port on high alert over possible terror attack - http://t.co/opU0QjhnuQ via http://t.co/fRzHtmogE7		]]></document>
	<document><![CDATA[Air pollution halves India's potential grain yields - http://t.co/7Bd0m1pyfq via http://t.co/fRzHtmogE7		]]></document>
	<document><![CDATA[Delhi elections: BJP to fight without CM face, to rely on 'Brand Modi' - http://t.co/hSciQ8qzLT via http://t.co/fRzHtmogE7		]]></document>
	<document><![CDATA[Violence erupts in Kashmir over deaths of two civilians in army firing - http://t.co/HhBnTMwug5 via http://t.co/fRzHtmogE7		]]></document>
	<document><![CDATA[Google's new initiative to promote regional language content in alliance with ... - http://t.co/mXkzhwL7h0 via http://t.co/fRzHtmogE7		]]></document>
	<document><![CDATA[Rathore Jr wins gold at Asian Shotgun Championships - http://t.co/ZYHFYmFp94 via http://t.co/fRzHtmogE7		]]></document>
</author>