<?xml version="1.0" encoding="UTF-8" standalone="no"?><author id="8398faf9-5d2b-4613-8547-b31cd47d249e" lang="en">
	<document><![CDATA[@username @username @username @username @username @username BNL the only way, daar leer je t meest :)		]]></document>
	<document><![CDATA[Iemand 8s?		]]></document>
	<document><![CDATA[8s LF3 Add BeCasNL (Ps3)		]]></document>
	<document><![CDATA[auto-assign yeah right		]]></document>
	<document><![CDATA[@username was :P		]]></document>
	<document><![CDATA[Iemand 8s?		]]></document>
	<document><![CDATA[Early morning frustrations		]]></document>
	<document><![CDATA[Back on that video grind http://t.co/pZIRzklm1V		]]></document>
	<document><![CDATA[WAT IS DIT IK WORD GEK		]]></document>
	<document><![CDATA[@username coming this fall in al movie theathers		]]></document>
	<document><![CDATA[@username are you going to cast #RGT ps3 next week as well?		]]></document>
	<document><![CDATA[Iemand 8s ofzo?		]]></document>
	<document><![CDATA[@username ik was aant lopen though		]]></document>
	<document><![CDATA[@username act of valor		]]></document>
	<document><![CDATA[@username Force_CMG		]]></document>
	<document><![CDATA[Inv me for 8s PS3 :)		]]></document>
	<document><![CDATA[8s LF4 add BeCasNL		]]></document>
	<document><![CDATA[@username Bo2 8s?		]]></document>
	<document><![CDATA[Cable connected, warrior skills inbound! http://t.co/j30pCNhp7Z		]]></document>
	<document><![CDATA[Rare shit hier op cod		]]></document>
	<document><![CDATA[@username ik heb nog nooit shitty gebruikt in competetive op ghosts! Smg all the way		]]></document>
	<document><![CDATA[@username nuttige informatie, top!		]]></document>
	<document><![CDATA[@username @username @username @username fixert		]]></document>
	<document><![CDATA[@username Teams in playoffs > League 1		]]></document>
	<document><![CDATA[Scump is zo’n beast in die money 8s he wauw		]]></document>
	<document><![CDATA[iemand 8s?		]]></document>
	<document><![CDATA[@username A clean 3-0 sweep from BigBoys  vs Rusherz :D		]]></document>
	<document><![CDATA[@username mn team is offline man		]]></document>
	<document><![CDATA[@username @username 8s?		]]></document>
	<document><![CDATA[@username yes please		]]></document>
	<document><![CDATA[Bo2 8s LF3 @username me		]]></document>
	<document><![CDATA[@username @username Best reaction ever rob hahahhaha		]]></document>
	<document><![CDATA[@username @username nee ghosts schat		]]></document>
	<document><![CDATA[Heeft iemand 8s lobby		]]></document>
	<document><![CDATA[Callouts: Strikezone | Call of Duty: Ghosts: http://t.co/BRx7u3FzID via @username		]]></document>
	<document><![CDATA[@username @username 3-1 in David of BigBoys		]]></document>
	<document><![CDATA[#BigBoys for league 1!!!		]]></document>
	<document><![CDATA[@username nee sorry ik haat excel		]]></document>
	<document><![CDATA[Fack fack fack dat was schrikken		]]></document>
	<document><![CDATA[@username ben al thuis :(		]]></document>
	<document><![CDATA[8s LF5 @username me for inv (ps3)		]]></document>
	<document><![CDATA[Terug van Vakantie! | Call of Duty: Ghosts: http://t.co/NKooXBmebd via @username		]]></document>
	<document><![CDATA[Terug van Vakantie! | Call of Duty: Ghosts: http://t.co/9bZzjnFhh6 via @username		]]></document>
	<document><![CDATA[SMG vs Assault Rifle | Call of Duty: Ghosts: http://t.co/i8oahJ2zx3 via @username		]]></document>
	<document><![CDATA[@username Can you update bracket we won (little boys)		]]></document>
	<document><![CDATA[@username Error in Bracket! we (little boys) swept Glorify with 2-0 we advance in bracket		]]></document>
	<document><![CDATA[@username can we schedule the (semi) final tomorrow because the tourney started so late already		]]></document>
	<document><![CDATA[@username do you have the twitters of the team Niet Spelen so we can schedule it		]]></document>
	<document><![CDATA[@username great Thanks a lot		]]></document>
	<document><![CDATA[@username nah we prefer tomorrow at what time can you play		]]></document>
	<document><![CDATA[@username oh ok we can't play now because we had already agreed with ur to play the final tomorrow due to the late start today		]]></document>
	<document><![CDATA[@username we won't be online because it is already 1:30 am here and we re not planning to game till the early hours		]]></document>
	<document><![CDATA[@username ok act your age don't be childish		]]></document>
	<document><![CDATA[@username good luck tomorrow let me know what time you want to play and let's try schedule a match		]]></document>
	<document><![CDATA[@username don't mess with the big boys and when we lose it is alright we re just a puteam and I'm a caster not a comp player so yeah		]]></document>
	<document><![CDATA[.@username did you actually favourited your own tweet wow		]]></document>
	<document><![CDATA[@username nah both xbox and ps3 please know who your opponents are		]]></document>
	<document><![CDATA[@username ReflexGT NetherLANS and more		]]></document>
	<document><![CDATA[@username ReflexGT is one of the first LAN events in the eu and attracts players from all over the eu please know ur facts		]]></document>
	<document><![CDATA[@username yeah because you are somebody with your 100- followers great job bro		]]></document>
	<document><![CDATA[.@username why do you favourite your own tweets? Are you a retard?		]]></document>
	<document><![CDATA[@username biggest LAN I'm the Netherlands and one of the top LAN events in Europe		]]></document>
	<document><![CDATA[@username never said I was somebody because of my followers		]]></document>
	<document><![CDATA[@username can't you win anymore by responding to new tweets and do you have to use tweets from 30 mins ago?		]]></document>
	<document><![CDATA[@username no because it is 2 am and I'm not talking in my own language I start constructing good sentences when you speak Dutch		]]></document>
	<document><![CDATA[@username i sprak 5 languages fluent because we are superior and make your life easier because you can't learn more than one language		]]></document>
	<document><![CDATA[@username I'm sorry my autocorrect is in Dutch but I'm not going to waste anymore time on you because others deserve that more		]]></document>
	<document><![CDATA[@username message me a time for tomorrow so we can play a nice friendly match alright		]]></document>
	<document><![CDATA[@username doesn't work for us sorry		]]></document>
	<document><![CDATA[@username  I can also ask ur to set a time when you don't come up with reasonable times to play		]]></document>
	<document><![CDATA[@username goodnight lets set a time tomorrow to play :)		]]></document>
	<document><![CDATA[@username no ur agreed to play the final tomorrow so it's done for today please act like your age unless you are 10		]]></document>
	<document><![CDATA[@username @username do you already know what time your team is able to play?		]]></document>
	<document><![CDATA[@username @username ok let me know asap		]]></document>
	<document><![CDATA[@username @username we would prefer more in the evening because the weather is really nice in the Netherlands today		]]></document>
	<document><![CDATA[@username @username we as well but two of out people are not Home because of that but they are later tonight		]]></document>
	<document><![CDATA[@username @username let's play around 7 pm (Amsterdam time)		]]></document>
	<document><![CDATA[@username @username i spelled it wrong if you want to play  In 30 mins we will have to play with 2 pu if you and ur agree to that		]]></document>
	<document><![CDATA[@username @username i already added one of you guys….		]]></document>
	<document><![CDATA[@username @username A equinox guy added me and i accepted im not 100% sure who it was what is your pan?		]]></document>
	<document><![CDATA[@username little boys won the final over EquinoX with a whopping 3-1 win		]]></document>
	<document><![CDATA[@username Can we please stay polite you are damaging the entire call of duty community		]]></document>
	<document><![CDATA[Iemand 8s op PS3? @username me for invite		]]></document>
	<document><![CDATA[mathematically imposible..kom op casters		]]></document>
	<document><![CDATA[Fackk yeahhhhh		]]></document>
	<document><![CDATA[Lets go Proof!!!		]]></document>
	<document><![CDATA[@username brand?		]]></document>
	<document><![CDATA[Zei hij nou dutch production team ?		]]></document>
	<document><![CDATA[@username iPhone 4		]]></document>
	<document><![CDATA[Casters? Wtf		]]></document>
	<document><![CDATA[@username follow for dm please regarding EGO Brussels		]]></document>
	<document><![CDATA[@username @username @username @username @username oeehhh david that comeback though		]]></document>
	<document><![CDATA[Iemand Bo2?		]]></document>
	<document><![CDATA[Black Ops 2  8s LF1 @username me for inv		]]></document>
	<document><![CDATA[@username @username @username History repeats itself again		]]></document>
	<document><![CDATA[Gb LF1 sign up now for an extra bonus!		]]></document>
	<document><![CDATA[Ik snap nu waarom sommige mensen T16 waren… Oehhh shots fired!!		]]></document>
	<document><![CDATA[@username RGT bo2 fzo hint hint		]]></document>
	<document><![CDATA[@username @username I am trying to give your organization more credibility and audience. You just lost 150 viewers....		]]></document>
	<document><![CDATA[@username @username @username  @username I am an international Caster, I will never set my reputation at risk for that		]]></document>
</author>