<?xml version="1.0" encoding="UTF-8" standalone="no"?><author id="92defdbb-307e-4d13-b9ce-703f55adcf79" lang="en">
	<document><![CDATA[a wallpaper. You can Help http://t.co/JOC8c6iYcL By spreading words on social network. http://t.co/1tmYCC3fN5		]]></document>
	<document><![CDATA[You are downloading romero wallpaper. You can Help http://t.co/JOC8c6iYcL By spreading words on social network. http://t.co/ELfLZOqo8U		]]></document>
	<document><![CDATA[To find what you're looking for, you have to see it with your heart open, not the eyes.		]]></document>
	<document><![CDATA[Maybe that's the problem with all the people, they see the beauty in the wrong way.		]]></document>
	<document><![CDATA[@username I haven't see it :'( I will promise ????		]]></document>
	<document><![CDATA[@username according to the test I'm not nice :(		]]></document>
	<document><![CDATA[What do a stand for!		]]></document>
	<document><![CDATA[Hello there???????????? http://t.co/LsCYgRC99s		]]></document>
	<document><![CDATA[I just can't stop it, I'm so in love with wolves????		]]></document>
	<document><![CDATA["@username: When your friend says they haven't seen Star Wars http://t.co/g3Bkv14xOy" @username jaja		]]></document>
	<document><![CDATA[Morning!		]]></document>
	<document><![CDATA[Next time I won't		]]></document>
	<document><![CDATA[Jonas Brothers: When You Look Me In The Eyes - Official (HQ): http://t.co/BYZcCP9HXm vía @username @username te extraño :(		]]></document>
	<document><![CDATA[Found a great website for great psd &amp; vector freebies, check it out http://t.co/dGNO4FjQwp		]]></document>
	<document><![CDATA[It all comes out down to the last person u think of at night. That's where heart is????		]]></document>
	<document><![CDATA[A girl should be 2 things: WHO AND WHAT SHE WANTS ????		]]></document>
	<document><![CDATA[Sweater weather????		]]></document>
	<document><![CDATA[Sometimes the bad things that happen in our lives put us directly on the path to the best things that will ever happen to us!????		]]></document>
	<document><![CDATA[Turn the pain in to power		]]></document>
	<document><![CDATA[@username @username happy birthday????????????????! Have a great day		]]></document>
	<document><![CDATA[He's not than into you		]]></document>
	<document><![CDATA[But after all is said and done u're going to be the lonely one!		]]></document>
	<document><![CDATA[Take me in, and throw out my heart and get a new one, next thing we're touching u look at me it's like u hit me with lightning!		]]></document>
	<document><![CDATA[everybody's starry-eyed!!!!		]]></document>
	<document><![CDATA[It's better to feel pain that nothing at all		]]></document>
	<document><![CDATA[Stubborn love - the lumineers ????		]]></document>
	<document><![CDATA[Holy grail		]]></document>
	<document><![CDATA[Autumn is better with @username voice!????		]]></document>
	<document><![CDATA[I should be sleeping ????		]]></document>
	<document><![CDATA[They don't have to be so rude with me, but one day they will want something!		]]></document>
	<document><![CDATA[The moon ????		]]></document>
	<document><![CDATA[When the moment is just right you see fire in their eyes		]]></document>
	<document><![CDATA[She's got lions in her heart a fire in her soul????		]]></document>
	<document><![CDATA[Odioooooooo ir al doctor :(		]]></document>
	<document><![CDATA[A love song for no one		]]></document>
	<document><![CDATA[James Bay - Move Together: http://t.co/YnNawiFS3B vía @username - I'M JUST IN LOVE @username		]]></document>
	<document><![CDATA[Everyone should listen to @username , u will love his voice!		]]></document>
	<document><![CDATA[Daniel Pearson - Waves In The Sea: http://t.co/f8K3GSMXpV ???? u guys need to listen it!		]]></document>
	<document><![CDATA[Everything is better with music!????		]]></document>
	<document><![CDATA[I think I have so many favorites singers now hahaha! They're so talented!????		]]></document>
	<document><![CDATA[I know who I'll listen before I go to bed @username ????		]]></document>
	<document><![CDATA[Headache????		]]></document>
	<document><![CDATA[I got over it ????		]]></document>
	<document><![CDATA[I'm on my way and I'm loving every step I take!????????		]]></document>
	<document><![CDATA[You always try to see yourself through the eyes of someone else		]]></document>
	<document><![CDATA[When I'm nervous my mouth just start saying a lot of thing that I shouldn't say????		]]></document>
	<document><![CDATA[It have to stop		]]></document>
	<document><![CDATA[Please????		]]></document>
	<document><![CDATA[Give a little time to me or burn this out we'll play hide and seek to turn this around all I want is the taste that your lips allow!!!		]]></document>
	<document><![CDATA[it's been a while but I still feel the same maybe I should let you go		]]></document>
	<document><![CDATA[I'm feeling romantic today thanks to @username ????		]]></document>
	<document><![CDATA[just forget the world ? Chasing Cars – Snow Patrol http://t.co/kT5oPgQo7O #NowPlaying		]]></document>
	<document><![CDATA[My life as Hugh Grant movie		]]></document>
	<document><![CDATA[I want a wedding in tomorroland????		]]></document>
	<document><![CDATA[Tomorrowedding????????????????		]]></document>
	<document><![CDATA[The way you look tonight ( tiesto remix)????		]]></document>
	<document><![CDATA[Tomorrowland*		]]></document>
	<document><![CDATA[i will dance this in my tomorrowedding :D haha ? Is This Love - Montmartre Remix – Bob Marley & The Wailers http://t.co/4cUvHC4kKB		]]></document>
	<document><![CDATA[I need a hug :(		]]></document>
	<document><![CDATA[@username that was so sweet! Thanks		]]></document>
	<document><![CDATA[@username thanks!????		]]></document>
	<document><![CDATA[@username sorry ????????		]]></document>
	<document><![CDATA[I've got that autumm feeling		]]></document>
	<document><![CDATA[I never love nobody fully always one foot on the ground.		]]></document>
	<document><![CDATA[can't wait for you to come @username		]]></document>
	<document><![CDATA[People talking without speaking people hearing without listening people writing songs that voices never share		]]></document>
	<document><![CDATA[and no one dared disturb the sound of silence		]]></document>
	<document><![CDATA[If someone has to pass a test to hang out with you, you are the problem		]]></document>
	<document><![CDATA[You got a fast car, but is it fast enough so we can fly away?		]]></document>
	<document><![CDATA[Sam Smith covers Tracy Chapman's Fast Car in the …: http://t.co/aNuDWVVKTQ		]]></document>
	<document><![CDATA[Every word I try to choose either way I'm gonna lose		]]></document>
	<document><![CDATA[Where's the good in goodbye		]]></document>
	<document><![CDATA[Really really hate her!		]]></document>
	<document><![CDATA[Stay cool .... stay cool		]]></document>
	<document><![CDATA[@username im starting to hate it haha!		]]></document>
	<document><![CDATA[Download free psd &amp; vector graphics at http://t.co/ty13MuHAcp		]]></document>
	<document><![CDATA[I can handle it		]]></document>
	<document><![CDATA[I've heard this life is overrated but I hope that it's gets better as we go ..		]]></document>
	<document><![CDATA[Cause if one day u wake up N find that u're missing me N ur heart starts 2 wonder where on this earth I could be		]]></document>
	<document><![CDATA[@username agreed!!!		]]></document>
	<document><![CDATA[What's wrong with me?????		]]></document>
	<document><![CDATA[There's something with the song "turning page" that makes me want to fall in love.		]]></document>
	<document><![CDATA[White Christmas - Panic! At The Disco: http://t.co/zIEOmDHLlH ????????		]]></document>
	<document><![CDATA[Check out this playlist on @username: "DO YOU HEAR THE PEOPLE SING?" at ?  https://t.co/6XyH6kY24H		]]></document>
	<document><![CDATA[December is almost here??????		]]></document>
	<document><![CDATA[I belong with you, you belong with me, you're my sweetheart?		]]></document>
	<document><![CDATA[Love we need it now let's hope for some!!		]]></document>
	<document><![CDATA[I've never fallen in love with the voice of someone ... until today.		]]></document>
	<document><![CDATA[You got yourself a bad habit		]]></document>
	<document><![CDATA[I feel like I'm waiting for something that isn't going to happen		]]></document>
	<document><![CDATA[http://t.co/VuFZfHyFn4 it's Christmas time!!!!????????		]]></document>
	<document><![CDATA[My brother can be really annoying!!????		]]></document>
	<document><![CDATA[There are 2 wolves always fighting inside me .. one is filled with anger, hate, jealousy, shame and lies ..		]]></document>
	<document><![CDATA[And the other one is filled with love, joy, truth and peace..		]]></document>
	<document><![CDATA[The one I feed the most is the one who will survive ...		]]></document>
	<document><![CDATA[There are great voices but no all are human ????		]]></document>
	<document><![CDATA[They are so perfect???????? http://t.co/5hRhwSrfM5		]]></document>
	<document><![CDATA[Taylor Swift: Shake It Off - Jesse Will: http://t.co/x0jm41OO0p ????????		]]></document>
	<document><![CDATA[I will sing out loud so u can hear my voice.		]]></document>
	<document><![CDATA[why the vacations can't last longer?		]]></document>
</author>