<?xml version="1.0" encoding="UTF-8" standalone="no"?><author id="97432f40-f518-422d-8a13-b67c78933c32" lang="en">
	<document><![CDATA[New Study Reveals Most Influential Languages http://t.co/52iQkI1RCn		]]></document>
	<document><![CDATA[The Three Game Changers of Machine Learning http://t.co/ks6wOiutMo		]]></document>
	<document><![CDATA[More Python Tools for Machine Learning... http://t.co/tfIyNEIyka		]]></document>
	<document><![CDATA[A big problem with data is the same that a big data problem?		]]></document>
	<document><![CDATA[Dicas para montar um bom paper toy do senhor Walter White / Heisenberg http://t.co/rrF2mlkyLl		]]></document>
	<document><![CDATA[Big problem with data solved, so may I be considered a big data problems solver? ;-)		]]></document>
	<document><![CDATA[10 things statistics taught us about big data analysis http://t.co/KbkzWeO6Oq		]]></document>
	<document><![CDATA[Data Science – List of Key Machine Learning Algorithms http://t.co/HFUaePgbl6		]]></document>
	<document><![CDATA[Interested in knowing your personality? http://t.co/Dlxi9bDg6X #clef2015		]]></document>
	<document><![CDATA[@username Interested in knowing your personality? http://t.co/JGE2ma14Cm #clef2015		]]></document>
	<document><![CDATA[10 Lessons Learned from Building Machine Learning Systems http://t.co/qArDXA2fIX		]]></document>
	<document><![CDATA[Microsoft Internet of Things - Machine learning: adding impact to IoT http://t.co/Z35kCJCgJh		]]></document>
	<document><![CDATA[Top 5 Big Data Merger and Acquisition Trends in 2014 http://t.co/mh5pWTKRhi		]]></document>
	<document><![CDATA[Everything you need to know about machine learning: part 1 http://t.co/S8IQIeGkoS		]]></document>
	<document><![CDATA[Museums are mining detailed information from visitors, raising questions about the use of Big Data in the arts http://t.co/ZR826PigRS		]]></document>
	<document><![CDATA[RT @username: Nueva Entrada: El alcance en twitter - Reach - http://t.co/J8bOVHWQyC		]]></document>
	<document><![CDATA[200 machine learning and data science resources http://t.co/D7mg770vqx		]]></document>
	<document><![CDATA[More Open Source Tools for Machine Learning, some of them repeated but... http://t.co/i3zk7ugxun		]]></document>
	<document><![CDATA[Great Machine Learning Infographics http://t.co/UGFJJGxwwU		]]></document>
	<document><![CDATA[Why Big Data and AI Need Each Other -- and You Need Them Both http://t.co/bcVk8PG7p8		]]></document>
	<document><![CDATA[Deep Learning Algorithms and the “Machine Learning Revolution” http://t.co/MIVnZDqt3p		]]></document>
	<document><![CDATA[Outlook: Big data and analytics in 2015 http://t.co/gPvCW4zqDF		]]></document>
	<document><![CDATA[Starting data analysis/wrangling with R: Things I wish I'd been told http://t.co/QeNqoZljjb		]]></document>
	<document><![CDATA[An interesting viewpoint - The problem with Big Data http://t.co/WcDM98bchT		]]></document>
	<document><![CDATA["Nature and Nature's laws lay hid in night;
God said, Let Newton be! and all was light"
Alexander Pope		]]></document>
	<document><![CDATA[My 8 Big Data Predictions for 2015 by The Big Data Guru (according to himself) http://t.co/o9vt53AYAQ		]]></document>
	<document><![CDATA[2015 healthcare predictions: Growth in analytics, mobile, security risks http://t.co/Tdv23hsb1T		]]></document>
	<document><![CDATA[Twitter NLP Example: How to Scale Part-of-Speech Tagging with MPP http://t.co/lclfsU5hgL http://t.co/Pl4YKwNv6q		]]></document>
	<document><![CDATA[SQL, the Underestimated Big Data Technology  http://t.co/3oZ1PD02fE		]]></document>
	<document><![CDATA[How big data can help auto manufacturers? http://t.co/TsEjxEudtA		]]></document>
	<document><![CDATA[Awesome map representing live attacks to servers http://t.co/TXoxlvg3K8		]]></document>
	<document><![CDATA[Whitepaper: 9 Ways to Improve Cancer Insights with Natural Language Processing (NLP) http://t.co/2hpXMUI5HV		]]></document>
	<document><![CDATA[6 trends redefining the way we watch television http://t.co/N7oztmOnPR #bigdata		]]></document>
	<document><![CDATA[Why Computer Scientists and Linguists don't Always see Eye-to-Eye http://t.co/rSlAfPZyQs		]]></document>
	<document><![CDATA[What You Should Know About the New Skype Translator App http://t.co/3VmNQd7OJa		]]></document>
	<document><![CDATA[How five natural language processing APIs stack up http://t.co/oIDsV2zKkx		]]></document>
	<document><![CDATA[Is Chinese Takeout Really More Popular on Christmas? http://t.co/UDnVNapgFx #dataanalysis		]]></document>
	<document><![CDATA[Big Data, Machine Learning, and the Social Sciences: Fairness, Accountability, and Transparency http://t.co/8XahtSDDHy		]]></document>
	<document><![CDATA[Coursera Machine Learning course (re)starts on January 19th http://t.co/UftNz4tGLt		]]></document>
	<document><![CDATA[Interesting but... Six myths of data analysis http://t.co/2ptVjaPUSl		]]></document>
	<document><![CDATA[Top 8 Open Source Machine Learning Tools http://t.co/Z010uV1mKR		]]></document>
	<document><![CDATA[RT @username: Eigenvector y Betweenness http://t.co/TuSX2EdjGU by @username		]]></document>
	<document><![CDATA[Natural-Language Processing Makes Sense of Doctors' Notes http://t.co/Ttjc5PEIG3		]]></document>
	<document><![CDATA[Facebook buys Wit.ai, a voice-recognition and natural-language processing startup http://t.co/aGHNjIPaU9		]]></document>
	<document><![CDATA[How Industries are Driving Big Data Adoption http://t.co/IGu4EIJ0Wb		]]></document>
	<document><![CDATA[Researchers track mental illness with Twitter http://t.co/h5tEm8JlvL		]]></document>
	<document><![CDATA[How big data could reduce weather-related flight delays http://t.co/hiYA4vQr5G		]]></document>
	<document><![CDATA["Natural": a general natural language facility for nodejs http://t.co/4PcnIgyn16		]]></document>
	<document><![CDATA['Machine-Learning’ Scans Genomic Database for Autism Clues http://t.co/yBitFtwNXa		]]></document>
	<document><![CDATA[When Is Big Data Analytics A Waste Of Time? http://t.co/dLPDV4hb9X		]]></document>
	<document><![CDATA[Building a Culture of Content as Data http://t.co/m6XvMQZ2Cy		]]></document>
	<document><![CDATA[5 stories that defined the big data market in 2014 http://t.co/B34vK9hN90		]]></document>
	<document><![CDATA[Common Google Universal Analytics Mistakes that kill your Analysis & Conversions http://t.co/B02P5tUSor		]]></document>
	<document><![CDATA[Avoiding Data Pitfalls, Part 1: Gaps Between Data and Reality http://t.co/EVN79OmXiN		]]></document>
	<document><![CDATA[Spanish Language Variety Identification based on a Probabilistic Framework http://t.co/jfIl9qPYhO <--- this will be great!!		]]></document>
	<document><![CDATA[The Marketing to Women Landscape for 2015: Trends, Challenges and Implications http://t.co/agtk1HzweX		]]></document>
	<document><![CDATA[10 Surprising Big Data Insights From 2014 http://t.co/lmabZ8EY8y		]]></document>
	<document><![CDATA[Big Data: 9 Steps to Extract Insight from Unstructured Data http://t.co/xWlCzOG0uh		]]></document>
	<document><![CDATA[Excel 2013 Statistical Analysis #2: Install Data Analysis Add-in For Amazing Excel Statistical Tools http://t.co/HLbvsrHRAM		]]></document>
	<document><![CDATA[Natural Language Processing Can’t Beat Human Translators (Yet) http://t.co/UOZX30eDRr - But it may help them...		]]></document>
	<document><![CDATA[3 types of sellers you can find using data http://t.co/81fVERZ3jy		]]></document>
	<document><![CDATA[5 Big Data Trends to Watch for in 2015 http://t.co/mNhIsOGzLN		]]></document>
	<document><![CDATA[Github code: Parallel Machine Learning with scikit-learn and IPython http://t.co/M3pXrgbwTD		]]></document>
	<document><![CDATA[Recommended book: "Natural Language Processing with Python – Analyzing Text with the Natural Language Toolkit" http://t.co/G7DZqwYjWv		]]></document>
	<document><![CDATA[Great list of resources: data science, visualization, machine learning, big data http://t.co/mQG5OvK6an		]]></document>
	<document><![CDATA[The 10 Best Big Data Quotes Of All Times http://t.co/QcOXeH1A9p		]]></document>
	<document><![CDATA[Big Data… Is Hadoop the good way to start? http://t.co/aB215a3ALu		]]></document>
	<document><![CDATA[Applying intelligence for making food globally abundant and cheap http://t.co/mJCOAdmhSF - I'd like to know more about this cool project		]]></document>
	<document><![CDATA[Artificial Intelligence Websites that design themselves http://t.co/CpKWmGEsoR		]]></document>
	<document><![CDATA[Deep Learning And Machine Intelligence Will Eat The World http://t.co/V9YS16ssJp "Hostile AI is not going to destroy the world soon but..."		]]></document>
	<document><![CDATA[Natural Language Processing with Ruby http://t.co/1cPgQ1soad		]]></document>
	<document><![CDATA[Is Data Science a buzzword? Modern Data Scientist defined http://t.co/rmN18h8pXX - A marketing point of view...		]]></document>
	<document><![CDATA[A Computer Program Has Passed the Turing Test For the First Time http://t.co/P8HQdSzd7Q Mmm... not at all		]]></document>
	<document><![CDATA[Computer Program Cannot Be Beaten At Texas Hold ’Em Poker http://t.co/GlAFZWFEEs		]]></document>
	<document><![CDATA[Nothing works and no one knows why ;-) http://t.co/qQ8Uot2r3R		]]></document>
	<document><![CDATA[PGFPlots 1.11 released http://t.co/KUBCvSP3En		]]></document>
	<document><![CDATA[Play ‘choose your own adventure’ on Twitter http://t.co/XPxzVKH6Y1		]]></document>
	<document><![CDATA[10 Machine Learning Algorithms & R Commands http://t.co/UAriS4jhym		]]></document>
	<document><![CDATA[RT @username: The ZX Spectrum is back! A remodeled version with 1,000 games installed will arrive in April http://t.co/VWaDSz5hsR		]]></document>
	<document><![CDATA[Python package for Korean natural language processing http://t.co/TGiL9xyQ1D		]]></document>
	<document><![CDATA[Why Topological Data Analysis Works http://t.co/EBQffZvxUL		]]></document>
	<document><![CDATA[TiEcon 2013 Big Data Wins Election with President Obama Campaign's CTO http://t.co/YeO2IB2Xth		]]></document>
	<document><![CDATA[Machine Learning and Neuroscience: Exceeding chance level by chance http://t.co/yGigeBYwAi		]]></document>
	<document><![CDATA[Data Roundup: Great Podcasts for Data Geeks http://t.co/17tYSJ70t8		]]></document>
	<document><![CDATA[What will be the future of data centre? http://t.co/r0qAwELZEn		]]></document>
	<document><![CDATA[The History Manifesto and Big Data http://t.co/Rrzebsmb0j		]]></document>
	<document><![CDATA[Big Data: Identifying Major Threats and Removing Security and Compliance Barriers http://t.co/7ebNjRwqfs		]]></document>
	<document><![CDATA[Lila Slip Factory I: “Question” rather than “query” for natural language processing http://t.co/uH6WjMLxcU		]]></document>
	<document><![CDATA[Steve Ballmer Advocates Machine Learning as the Next Era of Computer Science http://t.co/Z9RHEnzxAU		]]></document>
	<document><![CDATA[Analyze Your Facebook Presence with the Facebook Data Visualizer http://t.co/cTVwss9UvL		]]></document>
	<document><![CDATA[A Brief History of Neuroscience http://t.co/uKhdj0oSTK		]]></document>
	<document><![CDATA[Criminal Minds Are Different From Yours, Brain Scans Reveal http://t.co/NzVkyN0wLT		]]></document>
	<document><![CDATA[Free Machine Learning eBooks http://t.co/ugQIP8i1Ss		]]></document>
	<document><![CDATA[What speaking two languages does to the brain http://t.co/96knbI6bE8		]]></document>
	<document><![CDATA[The Century of the Brain and Computing Part 6: Neuroscience http://t.co/etJaCVHNC9		]]></document>
	<document><![CDATA[Data analysis and interpretation http://t.co/IjvjE6dbXq		]]></document>
	<document><![CDATA[Bayesian Data Analysis with PyMC3 http://t.co/1y2dTv6E3u		]]></document>
	<document><![CDATA[NLPCS 2015 - 12th International Workshop on Natural Language Processing and Cognitive Science http://t.co/s52moBjHld		]]></document>
	<document><![CDATA[Abridged List of Machine Learning Topics http://t.co/FiStoh7asz		]]></document>
	<document><![CDATA[Machine Learning for Machine Data http://t.co/qecsdbjOzu		]]></document>
</author>