<?xml version="1.0" encoding="UTF-8" standalone="no"?><author id="98d08ed3-5b05-4635-a53e-3e5b774befea" lang="en">
	<document><![CDATA[“@username: Arsenal Fan TV needs a channel on sky.”ukno		]]></document>
	<document><![CDATA[“@username: "@username: “@username: https://t.co/FM47e3eaBu WHAT THE FUCK” no fucks given at all." OMG ????”<		]]></document>
	<document><![CDATA[“@username: “@username: LOOOOL HOW CAN @username TELL TY TO COME ROUND THE CORNER SHSHDHDHHDBS http://t.co/f1Co3quXKp”???????????? crying”<????????		]]></document>
	<document><![CDATA[Omg we could've been 5 points off the top ???????????????????????????????? we've dropped 4 vital points		]]></document>
	<document><![CDATA[“@username: RAPE ALERT!!!! CHELSEA ARE BEING RAPED AT WHITE HART LANE, SOMEBODY PLEASE CALL 911 ????????”<		]]></document>
	<document><![CDATA[“@username: “@username: All Eastenders needed at the end was 

'Glory Be To God'” tbh????????????”<		]]></document>
	<document><![CDATA[“@username: “@username: Lucas raised a spartan ???????????? http://t.co/8fjfUKoDq2”????????????????????????”<		]]></document>
	<document><![CDATA[“@username: If you understand yoruba this is so funny  https://t.co/pAHTzeQOAM ????????”< dkdndknd! Exactly like my mum ????		]]></document>
	<document><![CDATA[Wait is Imani being cheeky or ????		]]></document>
	<document><![CDATA[“@username: Been a great day”congrats Yinks????		]]></document>
	<document><![CDATA[God bless their Union????		]]></document>
	<document><![CDATA[Do things the right way and you cannot cannot go wrong!		]]></document>
	<document><![CDATA[“@username: Church is good, people need to go more. Im going on Sunday”< ????		]]></document>
	<document><![CDATA[“@username: “@username: “@username: "@username: Wow  http://t.co/iVORV0KSfd"woww” changing the game ????” want. Need.”<		]]></document>
	<document><![CDATA[“@username: Nigerian guys are the devil.”<		]]></document>
	<document><![CDATA[“@username: Question 2 Boys: is 2 years younger to much orrrrr ?”nah		]]></document>
	<document><![CDATA[@username ???? well I'm 22 so 20 isn't a ting to me. Tbh that's what I'd like		]]></document>
	<document><![CDATA[“@username: @username you very smart”why Dyu say?		]]></document>
	<document><![CDATA[“@username: @username appaz 2 years is too much”depends on how old you are.. 17 and 15 year old is kinda weird		]]></document>
	<document><![CDATA[“@username: @username but that's an everyday occurrence”Hmm well for me it's ideal		]]></document>
	<document><![CDATA[“@username: "@username: When you finally decide to swallow your pride ???? http://t.co/R7vI9zY4yo"

my chest”< ghghhggfgcfd		]]></document>
	<document><![CDATA[“@username: #LFC can confirm that Steven Gerrard is to leave the club at the end of the 2014-15 season #LFCicon http://t.co/wB6lxbwtb8”< mud		]]></document>
	<document><![CDATA[Morning guys and gals		]]></document>
	<document><![CDATA[“@username: @username @username pls don't tell me U believe this”small small		]]></document>
	<document><![CDATA[“@username: “@username: @username” LOOOL see this loser it was simply because you were clapped. Don't @username me again.”<		]]></document>
	<document><![CDATA[“@username: @username @username regardless if he was clapped or not you still went out and ate with him isn't it?”<		]]></document>
	<document><![CDATA[“@username: @username so why delete this ?? http://t.co/BmjIpGUS7V”<		]]></document>
	<document><![CDATA[Lazy excuse if you ask me. Be man enough to say you ain't feeling someone.		]]></document>
	<document><![CDATA[“@username: @username @username you're a fuck girl. If hes clapped why let him take you out?”<		]]></document>
	<document><![CDATA[“@username: These shard dates are all for image tbh.”< it's nice to be treated tho		]]></document>
	<document><![CDATA[“@username: #RealDateSettings http://t.co/AxuvZGIM4E”< this place in London?		]]></document>
	<document><![CDATA[Cheeky Nandos never hurt anybody ????		]]></document>
	<document><![CDATA[“@username: @username @username it's Hutong at the Shard lol”nice!!!!		]]></document>
	<document><![CDATA[Never been Shard, wouldn't know. I've learnt I don't do well on first dates when we are at a restaurant. Let us be comfortable, talk, jist..		]]></document>
	<document><![CDATA[“@username: @username very yummy and very expensive”is the yummy worth the expensive lol		]]></document>
	<document><![CDATA[Basic restaurant or no basic restaurant. Isit the food that will make the girl fall in love with you?		]]></document>
	<document><![CDATA[“@username: Why go to the shard when you can enjoy this ???? http://t.co/6MEmxJhts9”< listen that corn is looking succulent ????		]]></document>
	<document><![CDATA[“@username: Nandos rice>>>>>”< I mix the coleslaw with it ????????????		]]></document>
	<document><![CDATA[“@username: Chris Brown gets dreadlocked up & announces joint album with Tyga http://t.co/GUx7IqrCBm http://t.co/rGFS2u2ero”<		]]></document>
	<document><![CDATA[This is how I stand waiting for bae outside Nandos???? http://t.co/I8rtonIDyH		]]></document>
	<document><![CDATA[“@username: Secure that certy”<		]]></document>
	<document><![CDATA[@username then go marry a chef.		]]></document>
	<document><![CDATA[????. RT if yu preed Millz????		]]></document>
	<document><![CDATA[“@username: I'm not crazy! http://t.co/mkwZ4kFMG6”< It was never that deep ????		]]></document>
	<document><![CDATA[“@username: If we sign Hummels fam..”<		]]></document>
	<document><![CDATA[Podolski gone uno ???????? Arsenal mate, he was your super sub ????		]]></document>
	<document><![CDATA[Off to Kym's Bday ???? lets get white boy wasted, let's get white boy wasted ????		]]></document>
	<document><![CDATA[Secure him now LVG! I want Rafa and Alves as our RWB's!		]]></document>
	<document><![CDATA[“@username: “@username: Ready! #jojos4 http://t.co/3BeJytnTX1”pretty girl”<		]]></document>
	<document><![CDATA[“@username: This is probably what it looks like to marry your best friend. ????????????????? http://t.co/vNyExwRYnk”< Wavy????		]]></document>
	<document><![CDATA[“@username: “@username: I pree way too much though???????? http://t.co/e28DmSoRlj”

mad”< jdnsbsbh		]]></document>
	<document><![CDATA[Jobless ????????the lot of you ????????		]]></document>
	<document><![CDATA[“@username: Looks like the window has just opened! #MUFC http://t.co/CGHx6Wm29v”<		]]></document>
	<document><![CDATA[“@username: Happy birthday Jonny Evans. But.. 
http://t.co/lP5UJOQoMa”<		]]></document>
	<document><![CDATA[“@username: It's mad how many people are awake uno. No time to tweet moist at all”<		]]></document>
	<document><![CDATA[“@username: Avoid Nigerian men, you won't listen. Just look at this.”<		]]></document>
	<document><![CDATA[“@username: @username did you read it? ????”I'm tired of this stigmatising tbh		]]></document>
	<document><![CDATA[“@username: @username your people dem deyaaaa”every country has shit ppl let's not do this		]]></document>
	<document><![CDATA[“@username: Tomorrow we will start the FA Cup. Excited for this new tournament @username http://t.co/s5XbAwcJWP”????????		]]></document>
	<document><![CDATA[“@username: @username you going to this meeting today?”yh g. Come mine now fam, Paul's here, cheeky fifa distins		]]></document>
	<document><![CDATA[@username nah man we'll go then you can come back to mine after and we can play more or watch FA cup		]]></document>
	<document><![CDATA[What time is take me out on?		]]></document>
	<document><![CDATA[“@username: “@username: What time is take me out on?” 8:30”calm I thought I'm missing it		]]></document>
	<document><![CDATA[“@username: Nigerian guys are not all bad ????”<		]]></document>
	<document><![CDATA[“@username: "@username: What time is take me out on?" - That show is back? ????”yh g, 8:30		]]></document>
	<document><![CDATA[“@username: JUST IN: Our insider says Liverpool are desperate to sign Saido Berahino and are ready to make a £30m bid.”< lol		]]></document>
	<document><![CDATA[“@username: “@username: How many siblings do you have?” 9”< 0		]]></document>
	<document><![CDATA[“@username: Yoruba boys always have the best names????”< ??		]]></document>
	<document><![CDATA[Names have meanings.		]]></document>
	<document><![CDATA[“@username: "@username: How many kids do you want when your older?" Like 7”< 4		]]></document>
	<document><![CDATA[“@username: “@username: In 2020 how old are you going to be?” 24”< 26????		]]></document>
	<document><![CDATA[“@username: What's the best compliment you've ever received?”< "You have an amazing heart"		]]></document>
	<document><![CDATA[“@username: ???? http://t.co/9HcOVwio3z”< My sis ????		]]></document>
	<document><![CDATA[I'm robbin that Dashiki from Althea ????		]]></document>
	<document><![CDATA[“@username: @username yaassss im trying Itunii”< is that my name. Is you name Altheoo????????????		]]></document>
	<document><![CDATA[“@username: You see them people that follow and unfollow 4 times. Do you have mental health issues.”< follow back and play nice		]]></document>
	<document><![CDATA[@username maybe they forgot you, awkward ????		]]></document>
	<document><![CDATA[“@username: Ugandans , Caribbeans and Ghanaians are so quiet on the Tl . Nigerians now? ????”<		]]></document>
	<document><![CDATA[“@username: @username I choose Ituni ive been calling you that for time”thi thi from now on ????		]]></document>
	<document><![CDATA[“@username: I pree peoples faves too much. I'm actually a creep”< me too ????		]]></document>
	<document><![CDATA[@username Happy birthday darling. May you get your hearts desires IJN????		]]></document>
	<document><![CDATA[“@username: “@username: If it's real.. You'll know””<		]]></document>
	<document><![CDATA[Last RT! I just said that earlier ???? http://t.co/RgUspxcglK		]]></document>
	<document><![CDATA[“@username: @username such a bad habit”< I know ????but I've stopped caring I just do it anyways		]]></document>
	<document><![CDATA[“@username: @username I don't care... Until I accidentally fav or rt something hahah”< I've followed ppl too ????		]]></document>
	<document><![CDATA[“@username: “@username: “@username: Quote this with your height ????” 7ft 2”6ft1”6"0		]]></document>
	<document><![CDATA[“@username: #WhatNigerianMenDidToMe expected me to be her ... http://t.co/UyrpN2mQWz”< For retweets you wanna slander ????		]]></document>
	<document><![CDATA[I wonder if retweets and favs get you money? Cah some of you lot tweet reckless for it		]]></document>
	<document><![CDATA[“@username: I'm still waiting to see what us Nigerians have done to you pricks tbh”< been asking this since 2014 uno????		]]></document>
	<document><![CDATA[“@username: @username I'll get answers by force”< when you find out Lemme know pls		]]></document>
	<document><![CDATA[“@username: Paddy is a setup artist ????????????????”< ????		]]></document>
	<document><![CDATA[A ring after a year???????????? she okay?		]]></document>
	<document><![CDATA[“@username: Janine? Who's aunty is that LOOOOOL”< dmndnd		]]></document>
	<document><![CDATA[This love at first light thing will not help the lads secure uno????		]]></document>
	<document><![CDATA[Nxnxncnnx they staged her being in the crowd ????????		]]></document>
	<document><![CDATA[Aunty Janine is having bare fun mate ????????????		]]></document>
	<document><![CDATA[“@username: The only direction Farah need to go is the gym bruv #TakeMeOut”< hhffhhchffdfg		]]></document>
	<document><![CDATA[These bars are so Cringy????????????????		]]></document>
	<document><![CDATA[Nah it has to be Natalie uno		]]></document>
	<document><![CDATA[“@username: Buffest player in the prem. My nigga Daley. http://t.co/H3hwNbmeZo”Gay		]]></document>
</author>