<?xml version="1.0" encoding="UTF-8" standalone="no"?><author id="a7074373-735a-4ff9-b790-ef1d48713de1" lang="en">
	<document><![CDATA[So make a wish, I'll make it like your birthday everyday!		]]></document>
	<document><![CDATA[I'll be your gift.		]]></document>
	<document><![CDATA[DISAPPOINTMENT IS UGLY, MORE COMING FROM YOUR FAMILY.		]]></document>
	<document><![CDATA[Love was made for movie screens.		]]></document>
	<document><![CDATA[Girlfriend, oh your girlfriend is drifting away, past and present 1855 -1901!!!		]]></document>
	<document><![CDATA[We're not 21, it's time that we had some fun.		]]></document>
	<document><![CDATA[I am my own man I make my own luck!		]]></document>
	<document><![CDATA[Two more years and you'll be done with school and I'll be making history like I do!!		]]></document>
	<document><![CDATA[I don’t care go on and tear me apart i don’t care if you do because in a sky, because in a sky full of stars I think i saw you!		]]></document>
	<document><![CDATA[UGO is a free graphic font, design with different combinations. 
Playing with layers and colors! Enjoy! http://t.co/sf05KebIHj		]]></document>
	<document><![CDATA[I just downloaded #Airbag-free-font by #itsmesimon. Go get it yourself at http://t.co/f5AGQnr4j2		]]></document>
	<document><![CDATA[I've just downloaded the "Le Super Serif" Typeface: 2 weights, 88 ligatures & free. by @username. http://t.co/JaPengltUM		]]></document>
	<document><![CDATA[whats wrong with me?		]]></document>
	<document><![CDATA[Franchise Animated - free animated typeface by 1 type designer and 110 animators. Get it at http://t.co/oC40PAUVBt http://t.co/ZuLvRINZAq		]]></document>
	<document><![CDATA[You distract me, but I'm distracted without you!		]]></document>
	<document><![CDATA[I see love when i close my eyes		]]></document>
	<document><![CDATA[I wish was me		]]></document>
	<document><![CDATA[@username Háblame por what's,  ahora!		]]></document>
	<document><![CDATA[I was praying that u and me might end up  together, it's like wishing for rain as I stand in the desert.		]]></document>
	<document><![CDATA[When life is rough pray, when life is great pray #FeedyourFaith ?????		]]></document>
	<document><![CDATA[I'm going to stop waiting for the world to give me what I want, n im going to start giving it to myself ????		]]></document>
	<document><![CDATA[Sweater weather		]]></document>
	<document><![CDATA[In my spaceship I'm an alien tonight!!		]]></document>
	<document><![CDATA[you light up the room		]]></document>
	<document><![CDATA[For the people who want to see me fail!???? im gonna rock it!		]]></document>
	<document><![CDATA[I really hate doing paperwork		]]></document>
	<document><![CDATA[hate u TOEFL!		]]></document>
	<document><![CDATA[I'm taking a moment just imaginin' that I'm dancing with you..		]]></document>
	<document><![CDATA[Searching to find myself but all I find is you!		]]></document>
	<document><![CDATA[Tengo fe!!!		]]></document>
	<document><![CDATA[Crack de cracks san memo!		]]></document>
	<document><![CDATA[This is México?		]]></document>
	<document><![CDATA[Like a bird flying by on a summer breeze		]]></document>
	<document><![CDATA[You have the emotional rage of a cockroach!		]]></document>
	<document><![CDATA[I didn't choose you, my heart did.		]]></document>
	<document><![CDATA[school kills creativity		]]></document>
	<document><![CDATA[log out to reality		]]></document>
	<document><![CDATA[I'll bet she's beautiful, the girl he talks about and she's got everything that I have to love without		]]></document>
	<document><![CDATA[Tiempo sin escucha Taylor Swift!		]]></document>
	<document><![CDATA[Don't - @username ????????		]]></document>
	<document><![CDATA[I've got no plans at all to leave		]]></document>
	<document><![CDATA[Just promise me , you'll always be a friend.		]]></document>
	<document><![CDATA[I need the new album of @username in my life!????		]]></document>
	<document><![CDATA[Drew looks at me I fake a smile so he won't see that I want and I'm needin' everything that we should be!		]]></document>
	<document><![CDATA[Breakfast????????????		]]></document>
	<document><![CDATA[Wolf???? vs Cougar????		]]></document>
	<document><![CDATA[When I have a daughter, her name will be Nymphadora or Padme Alessandra!!		]]></document>
	<document><![CDATA[Really hate you!		]]></document>
	<document><![CDATA[Music to heal the soul????		]]></document>
	<document><![CDATA[If your going through hell, keep going????		]]></document>
	<document><![CDATA[i'm a mess of unfinished thoughts		]]></document>
	<document><![CDATA[Before tonight I wanna fall in love		]]></document>
	<document><![CDATA[How people fall in love in a mysterious ways, maybe just the touch of a hand		]]></document>
	<document><![CDATA[I should be sleeping		]]></document>
	<document><![CDATA[@username urge what's, necesitas ver algo		]]></document>
	<document><![CDATA[The only reason the people take your for granted is because they assume you'll always be there, prove them wrong ????		]]></document>
	<document><![CDATA[people say goodbye in their own special way		]]></document>
	<document><![CDATA[It's really good to hear your voice saying my name it sound so sweet		]]></document>
	<document><![CDATA[Maybe we have to know the darkness before we can appreciate the light		]]></document>
	<document><![CDATA[I need a pep talk		]]></document>
	<document><![CDATA[Simplicity works for me????		]]></document>
	<document><![CDATA[Lloren pinches holandeses		]]></document>
	<document><![CDATA[Since teen wolf appear in my life I'm like ????????????????????????????????????????????????		]]></document>
	<document><![CDATA[I'm just can't wait to see the next season!!		]]></document>
	<document><![CDATA[We brought an alfa		]]></document>
	<document><![CDATA[What would Machiavelli do?		]]></document>
	<document><![CDATA[Let's be mean.		]]></document>
	<document><![CDATA[@username we never will know everything about someone, the sad thing about it, is that somehow we only know about the bad things!!		]]></document>
	<document><![CDATA[Who's in their bed on their phone??????		]]></document>
	<document><![CDATA[I really want to live near from a forest!		]]></document>
	<document><![CDATA[Can we just appreciate canelo moves and beauty ????		]]></document>
	<document><![CDATA[I want a romantic nonexistent hero<3		]]></document>
	<document><![CDATA[I really enjoy the sound of the rain.		]]></document>
	<document><![CDATA[I can't sleep!!!		]]></document>
	<document><![CDATA[No one how much to say in this town!		]]></document>
	<document><![CDATA[@username wish you all the luck!		]]></document>
	<document><![CDATA[Go Germanyyyyy!! #GER #ger #WorldCupFinal		]]></document>
	<document><![CDATA[I told you #GER		]]></document>
	<document><![CDATA[I'm really soooo happy #GER they deserve it!!!!		]]></document>
	<document><![CDATA[Can't wait to see you @username  @username all people should see it! ????		]]></document>
	<document><![CDATA[Who's exited? ???????????????????? @username		]]></document>
	<document><![CDATA[I have a seriously problem with the twins carver????		]]></document>
	<document><![CDATA[It's not right but it's OK		]]></document>
	<document><![CDATA[I shut my eyes, and the music broke over me like a rainstorm		]]></document>
	<document><![CDATA[A heart full of love		]]></document>
	<document><![CDATA[If he ask, I'll be his		]]></document>
	<document><![CDATA[This- @username ????????		]]></document>
	<document><![CDATA[I feel something so wrong do it the right thing		]]></document>
	<document><![CDATA[@username where R U? ????		]]></document>
	<document><![CDATA[To be beautiful means to be yourself		]]></document>
	<document><![CDATA[As long as you're happy who the hell cares"		]]></document>
	<document><![CDATA[Good Nites?		]]></document>
	<document><![CDATA[In the end it doesn't even matter		]]></document>
	<document><![CDATA[Mumford & Sons - I Will Wait: http://t.co/pt71E8sT7z ????		]]></document>
	<document><![CDATA[In the land of Mordor...		]]></document>
	<document><![CDATA[My brother just woke up to say me: let us get out cause he won't know where we are  ????		]]></document>
	<document><![CDATA[I hope he's talking about santa????		]]></document>
	<document><![CDATA[and now he's sleeping like a baby and I'm like this ---> ????		]]></document>
	<document><![CDATA[mummy do me space in ur bed!! ????		]]></document>
	<document><![CDATA[@username I'm afraid about what he said!!!!		]]></document>
</author>