<?xml version="1.0" encoding="UTF-8" standalone="no"?><author id="e2041e6d-f7c4-4cde-baac-5ae2a7e636cc" lang="en">
	<document><![CDATA[@username soooo great to meet you this week! thanks for making me feel welcome in dc		]]></document>
	<document><![CDATA[Photo: Working Jams: What music to listen to on the job (via Sonos) http://t.co/u1ye82h3		]]></document>
	<document><![CDATA[BETWEEN THE LINES: What we talk about when we talk about happiness - Liz Danzico. 2011. BETWEEN THE LINES:... http://tumblr.com/xyb18ey7q7		]]></document>
	<document><![CDATA[Microsoft Launches Tweet-Powered Dress #NYFW #Fashion [Video] via @username http://t.co/4unKeNOs		]]></document>
	<document><![CDATA[hi chris! it was great meeting you last week, thanks so much for all the helpful suggestions! @username		]]></document>
	<document><![CDATA[dailymedical: Creative Personalities Have Longer Lives
For a long time, researchers have sought to discover w… http://t.co/R0XxgeJT		]]></document>
	<document><![CDATA[Video: Why a Growing Number of S. Korean Men Are Applying Lipstick to Succeed in Life (via Medical Daily) http://t.co/qtgmLRfQ		]]></document>
	<document><![CDATA[Video: Dungeon Master’s guide to Django’s ORM // Speaker Deck (via Malcolm Tredinnick) http://t.co/liRVzhMX		]]></document>
	<document><![CDATA[Video: (via Refactoring Tips by Martin Fowler) http://t.co/EUYfYL1g		]]></document>
	<document><![CDATA[Alpha list of refactorings - common refactoring patterns http://t.co/h9SES3fo		]]></document>
	<document><![CDATA[updating #iPad to #iOS6 and reading about new mobile health apps..  http://t.co/gANFfL6P @username		]]></document>
	<document><![CDATA[#SocialMedia #Research: The jacket that talks to Facebook - In an emergency situation, we cannot expect... http://t.co/wdAxm77H		]]></document>
	<document><![CDATA[#ACM Webinar: recommender systems go way back to usenet days to rate messages and to push products, ie amazon and to predict trends #bigdata		]]></document>
	<document><![CDATA[Study offers new evidence that scientists are biased against women - “It is noteworthy that female faculty... http://t.co/EgqXu6If		]]></document>
	<document><![CDATA[chart: The language of Men and Women http://t.co/pQyWkf4t		]]></document>
	<document><![CDATA[I Don't Wanna Grow Up: What's Healthier: Prison Food or School Lunch? [Infographic] - matthewgleslie: http://t.co/lyde72Mq		]]></document>
	<document><![CDATA[staring at blank file in text editor. no idea how to start coding this, but we now have a twitter hashtag #PythonFashionForecaster		]]></document>
	<document><![CDATA[New System for Patients to Report Medical Mistakes - The Obama administration wants consumers to report... http://t.co/KDHYyD7P		]]></document>
	<document><![CDATA[@username thanks :) got a quick hack of steps 1-3.. ran into a lot of unexpected issues, which means next version will be better!		]]></document>
	<document><![CDATA[@username using a finite list of tweets for now. Ideally I'd love to search through other API including photos!		]]></document>
	<document><![CDATA[@username @username thanks for the tip!		]]></document>
	<document><![CDATA[@username amazing! YQL looks like it could be useful. thanks for the tip! :)		]]></document>
	<document><![CDATA[Great visuals in presentations #nydm		]]></document>
	<document><![CDATA[@username it was great meeting you at today's mixer! Thanks for introducing me to folks in the community		]]></document>
	<document><![CDATA[Microsoft Health Care to Focus on Horizontal Tech http://t.co/pPmsADWF		]]></document>
	<document><![CDATA[Programming Language Readability - haskell vs python http://t.co/ZmmcaEIA		]]></document>
	<document><![CDATA[Here's How Facebook Recruits Elite Engineers - via Business Insider http://t.co/tESxwyug		]]></document>
	<document><![CDATA[still searching for fashion related keywords for text analysis.. so far came across USMARC, Dublin Core, VRA Core #PythonFashionForecaster		]]></document>
	<document><![CDATA[[Research Paper] Modelling teens clothing fashion preferences using machine learning - Peter Kokol, Mateja... http://t.co/TCWfLGp2		]]></document>
	<document><![CDATA[[Research Paper] Automatic Segmentation of Clothing for the Identification of Fashion Trends Using K-Means Cl… http://t.co/S1NZZtZk		]]></document>
	<document><![CDATA["Our focus is shifting shoppers from search-based purchases to suggestion-based purchases,” said..." http://t.co/8aLyoVtp		]]></document>
	<document><![CDATA[15 things you can (and should) do to make your site faster for mobile users - Consolidate resources  Use... http://t.co/yei136UY		]]></document>
	<document><![CDATA[Photo: Tutorial: optimizing your website for mobile devices (via Element Fusion) http://t.co/5hesBrPL		]]></document>
	<document><![CDATA[Photo: Waterfalls 101: How to understand your website’s performance via waterfall chart (via Web Performance... http://t.co/caomM1xX		]]></document>
	<document><![CDATA[Video: KRISTEN TAYLOR: Quit Your Ph.D. and Change the World (by IgniteNYC) “We need cultural... http://t.co/nLwywh2X		]]></document>
	<document><![CDATA[Photo: How to Tell if You’re an Architect (via Sometimes it’s hard to know. This chart can help) http://t.co/sgWcHORr		]]></document>
	<document><![CDATA[Video: (via JSON and REST) http://t.co/1jrT516c		]]></document>
	<document><![CDATA[huzzah!! got a basic search interface working with #Django views :) http://t.co/uu8YcMNJ #PythonFashionForecaster		]]></document>
	<document><![CDATA[I'm at TechStars HQ (New York, NY) w/ 4 others http://t.co/9tCVmcD1		]]></document>
	<document><![CDATA[two #hackathons this weekend in NYC.. what to choose..??  #cleanweb or #occupydata		]]></document>
	<document><![CDATA[Photo: The Evolution of the Scroll Bar (via Complex) http://t.co/nz3TTXKd		]]></document>
	<document><![CDATA[Photo: App lets you monitor lung health using only a smartphone  (via UW Today) http://t.co/NLeBJu5r		]]></document>
	<document><![CDATA[AIGA | Aquent Survey of Design Salaries http://t.co/esiQ3mVN		]]></document>
	<document><![CDATA[“Designers have a prescriptive job. We suggest how the world might be; we are futurists to some extent.” http://t.co/Zdaid6ED		]]></document>
	<document><![CDATA[d3.js charts are displaying! if only they were presenting real data.. #PythonFashionForecaster		]]></document>
	<document><![CDATA[hand drawn charts are a nice touch to online learning! #gamification #coursera @username http://t.co/4CWgqVrr		]]></document>
	<document><![CDATA[Photo: Smartphone Research: Infographic (via Pew Research Center’s Internet & American Life Project) http://t.co/v94Pw4fc		]]></document>
	<document><![CDATA[Video: (via Search Analytics for Content Strategists) http://t.co/ZmGQJKv9		]]></document>
	<document><![CDATA[Ember.js Analytics Integration: Google Analytics and Mixpanel - emberjs: Gordon Hempton shows how to router s… http://t.co/WWG9fKGx		]]></document>
	<document><![CDATA[I just reached Level 3 of the "Baker’s Dozen" badge on @username. I’ve checked in at 10 different bakeries! http://t.co/FEAXtrEx		]]></document>
	<document><![CDATA[@username #hackathon (@username General Assembly w/ 4 others) [pic]: http://t.co/Ga7UtQCt		]]></document>
	<document><![CDATA[android development support talk from @username #tappednfc developer events coming up in NYC in november to help with troubleshooting		]]></document>
	<document><![CDATA[working on 'Nuance' android app!  https://t.co/fwxPK1u7 #tappednfc @username		]]></document>
	<document><![CDATA[finally ready to code after 2 hrs+ installing required android SDKs...  #tappednfc http://t.co/HHSrm9HA		]]></document>
	<document><![CDATA[[troubleshoot advice] adb not finding my device / phone (MacOS X) http://t.co/LWzcyDsA  #tappednfc		]]></document>
	<document><![CDATA[Presentation time! #tappednfc (@username General Assembly w/ 7 others) http://t.co/PBegVKc0		]]></document>
	<document><![CDATA[Women Help Startups Succeed. When Will VCs Notice? - Successful startups have more women in senior positions... http://t.co/O0zNSD00		]]></document>
	<document><![CDATA[Adding table of contents to github wiki http://t.co/mJku7StO		]]></document>
	<document><![CDATA[Patterns for research in Machine Learning http://t.co/7ATMoKr8		]]></document>
	<document><![CDATA[Photo: How To Tell Stuff To A Computer (via The Enigmatic Art of Knowledge Representation) http://t.co/04uNxakI		]]></document>
	<document><![CDATA[Dance time! Burning off the wknd's hackathon diet (@username Lotus Music & Dance) http://t.co/vVVP7Hig		]]></document>
	<document><![CDATA[Is there a #mobile app to help with recording or sharing choreography? I wonder what it would look like. #dance		]]></document>
	<document><![CDATA[Awesome #machinelearning application!! “@username: Little Bird as “robot #librarian” http://t.co/qn1jHNDT”		]]></document>
	<document><![CDATA[cozy coding corner for working on #sbp2013 site http://t.co/cyAyVuVQ http://t.co/1StFTJuk		]]></document>
	<document><![CDATA[link to #sbp2013 CFP (Social Computing, Behavioral-Cultural Modeling, & Prediction) http://t.co/7nWO4zoY		]]></document>
	<document><![CDATA[Homemade Waffles http://t.co/ndvOK4vy		]]></document>
	<document><![CDATA["Women are so adept at communicating that Horowitz says, “Men can know each other for 30 years, talk all..." http://t.co/KTnIStMn		]]></document>
	<document><![CDATA[It's Ada Lovelace Day!!  http://t.co/wqjAaSzO		]]></document>
	<document><![CDATA[Video: BJ Fogg on Simplicity (2008) (by BJ Fogg) http://t.co/Q5hCAKTR		]]></document>
	<document><![CDATA[Photo: The Three Headed Digital Business - The Corporate Website, The Online Community and The Social... http://tumblr.com/xyb19dq0vn		]]></document>
	<document><![CDATA[Photo: Online Community - 25 Motivations and Incentives For Getting Involved via Buzz Canuck http://tumblr.com/xyb19e4znd		]]></document>
	<document><![CDATA[Image analysis may allow pathologists to expedite diagnoses - Using image recognition technology similar to... http://t.co/r7m81t7U		]]></document>
	<document><![CDATA[Women use emoticons more than men in text messaging :-) - The study, “A Longitudinal Study of Emoticon Use... http://t.co/MWsjuiv9		]]></document>
	<document><![CDATA[@username hunter sells wide calf rain boots. best to have multiple umbrellas (in case of strong winds) and a raincoat.		]]></document>
	<document><![CDATA[Photo: The 4 C’s of participation in online communities (via 21st Century Learning: The Art of Building... http://tumblr.com/xyb19ekqnn		]]></document>
	<document><![CDATA[Writing this chapter requires dedication.. 20+ pages in, annulment looks tempting #dissertation		]]></document>
	<document><![CDATA[where did the weekend go?? #dissertation #timewarp		]]></document>
	<document><![CDATA[@username thanks!		]]></document>
	<document><![CDATA[Ignite! (@username Sheraton New York Hotel & Towers w/ 13 others) http://t.co/QSwtxIGg		]]></document>
	<document><![CDATA[wow thanks, @username! with your tool http://t.co/L8xp9Byh i feel empowered!		]]></document>
	<document><![CDATA[enjoyed the story about 'The Price is Right' experiment! @username		]]></document>
	<document><![CDATA[informative yet entertaining presentation on writing commit logs @username		]]></document>
	<document><![CDATA["perfect predictions are not possible" #IgniteNYC #takehomewords		]]></document>
	<document><![CDATA[great presentation! very informative. i feel safer about living in NYC now :) @username		]]></document>
	<document><![CDATA[Too bad... “@username: Sexy Lap Dances ARE NOT ART, Says NY's Highest Court http://t.co/316qRl9q”		]]></document>
	<document><![CDATA[Loving the southwest halloween decorations! (@username Concourse B) [pic]: http://t.co/gGusCyIo		]]></document>
	<document><![CDATA[No time wasted! playing with http://t.co/aP7hz7Bz while waiting for lunch.. #nerd		]]></document>
	<document><![CDATA[I just unlocked the “Mall Rat” badge on @username for checking in at malls! Time for a fancy pretzel. http://t.co/ZWJWwEue		]]></document>
	<document><![CDATA[I'm at Dandan Guilin Rice Noodle (San Gabriel, CA) [pic]: http://t.co/APwvnzyD		]]></document>
	<document><![CDATA[Social media can help auto manufacturers find vehicle defects, researchers say - The researchers developed a... http://t.co/uDiweFrS		]]></document>
	<document><![CDATA[Photo: The life cycle of a fashion trend (via BBC NEWS | UK | Magazine) http://t.co/QdlESSqe		]]></document>
	<document><![CDATA[I just unlocked the "JetSetter" badge on @username for checking in at airports! Bon Voyage! http://t.co/eheKqZsg		]]></document>
	<document><![CDATA[I just reached Level 2 of the "Jetsetter" badge on @username. I’ve checked in at 5 different airports! http://t.co/Gs9vBrTD		]]></document>
	<document><![CDATA[Getting Django working with MSSQL / pyodbc (via @username Blog) - Install packages: freetds, libiodbc, pyodbc,... http://t.co/eo9ViZeV		]]></document>
	<document><![CDATA[omg yesssssss. django-pyodbc is a godsend http://t.co/fr7IIUKg		]]></document>
	<document><![CDATA[Photo: [Infographic] History of Social Media (via Geek Girl) http://t.co/nhnumZGi		]]></document>
	<document><![CDATA[Froth & Bubble: The Current Fashion 2.0 Landscape http://t.co/qy2pRW1c		]]></document>
	<document><![CDATA[Want A Personal Doctor On Call 24/7? Scanadu Will Turn Your Smartphone Into A Diagnostic Clinic http://t.co/yeEhFqZE		]]></document>
	<document><![CDATA[Corridors of the Mind
Could neuroscientists be the next great architects? http://t.co/DXAbfE8C		]]></document>
	<document><![CDATA[You rang? :) what are we talking about? @username: @username		]]></document>
</author>