<?xml version="1.0" encoding="UTF-8" standalone="no"?><author id="e78b60f0-b114-4238-a0b2-dbd52ab12b99" lang="en">
	<document><![CDATA[I wish we could talk forever.		]]></document>
	<document><![CDATA[100000 things I want to say... But it's better I keep my mouth shut.		]]></document>
	<document><![CDATA[Those dreams where the feeling you have is the best thing.		]]></document>
	<document><![CDATA["If you want it, then you got it..."		]]></document>
	<document><![CDATA[That was cute. #mademesmile		]]></document>
	<document><![CDATA[Prettymuch to die for....		]]></document>
	<document><![CDATA[Wish I could say everything....		]]></document>
	<document><![CDATA[I want chocolate milk.		]]></document>
	<document><![CDATA["Don't take me the wrong way... But..."		]]></document>
	<document><![CDATA[Shit I missed 11:11. Oh well I have you		]]></document>
	<document><![CDATA[Shouldn't have thunk it :)		]]></document>
	<document><![CDATA["Now your sad and creepy."		]]></document>
	<document><![CDATA[I'm fine with three. :)		]]></document>
	<document><![CDATA[Only some people will understand my tweets... Others will think I'm insane.		]]></document>
	<document><![CDATA[I didn't mean to think about it... My mind just ran off, but I like the new place its in.		]]></document>
	<document><![CDATA[Keeping under control....		]]></document>
	<document><![CDATA[One thing that just makes me want to punch a baby is child abuse.		]]></document>
	<document><![CDATA[Don't take anything I say too seriously... But seriously, sometimes I can be serious... Then you better seriously understand me.		]]></document>
	<document><![CDATA[#easilyattractedto guys with a cute smile... Who know how to use it.		]]></document>
	<document><![CDATA["Yeah... we can put it back there... After the doctors remove it from your colon!"		]]></document>
	<document><![CDATA[The world is like dead this morning		]]></document>
	<document><![CDATA[Your fine.... I'm finer ;)		]]></document>
	<document><![CDATA[Chocolate milk,  Salami sandwitch and Carrots are all I have eaten today.... A bagel is sounding pretty damn good right now		]]></document>
	<document><![CDATA[Freezing my thumbs off on the way home to text is worth it.		]]></document>
	<document><![CDATA[Well this is depressing.		]]></document>
	<document><![CDATA[I hate saying goodbye. Alot		]]></document>
	<document><![CDATA[Your a dumbass. I can't believe you said that! So damn cute. Aw, I can't believe you said that <3		]]></document>
	<document><![CDATA[Not in a homeless shelter. No.		]]></document>
	<document><![CDATA[Don't wanna write this		]]></document>
	<document><![CDATA[I really hate that feeling		]]></document>
	<document><![CDATA[Let's not think about it.		]]></document>
	<document><![CDATA[Dude... She has a boyfriend & she's not like your last girlfrien... She won't cheat.		]]></document>
	<document><![CDATA["By the way, your cellphone is like your...." Nevermind you know what I'm saying if you watch #TwoAndAHalfMen ;)		]]></document>
	<document><![CDATA[I love everyone's face behind me... What were they looking at??? http://t.co/wkUOFlTm		]]></document>
	<document><![CDATA[*answers phone with meow mix commercial playing* @username		]]></document>
	<document><![CDATA[If I had one wish left...		]]></document>
	<document><![CDATA[Friends is the best. #Ross #Chandler		]]></document>
	<document><![CDATA[Awkward eye contact over Skype @username @username		]]></document>
	<document><![CDATA[I pick up on those things...		]]></document>
	<document><![CDATA[Smiling. That's the shit I like.		]]></document>
	<document><![CDATA[I had a dream about a school last night..  wth it's the weekend im ?rying to get away from there.		]]></document>
	<document><![CDATA[I knew before you said anything....		]]></document>
	<document><![CDATA[Someday I want that.		]]></document>
	<document><![CDATA[Let's see how late we can stay up then see how early we can get up. Sounds good.		]]></document>
	<document><![CDATA[Belly hurts. Damn icecream		]]></document>
	<document><![CDATA[I love cake boss.		]]></document>
	<document><![CDATA[I want a twin. Then again that would suck.		]]></document>
	<document><![CDATA[Sometimes you learn things you don't wanna know, that's when you just gotta let it go.		]]></document>
	<document><![CDATA[Keep telling yourself that bud.		]]></document>
	<document><![CDATA[I'm ready for school to be out. I'm ready for Christmas.		]]></document>
	<document><![CDATA[I want that.		]]></document>
	<document><![CDATA[I luv ya but hurry your slow ass up! :) @username http://t.co/seR6ZjoJ		]]></document>
	<document><![CDATA[I have no clue how someone can make me feel so shitty about money.		]]></document>
	<document><![CDATA[I found Monique a boyfriend. @username @username  @username http://t.co/BUVnxo3M		]]></document>
	<document><![CDATA[I really don't mean to not text back... Usually I'm sitting there thinking "why haven't I gotten a message" then I check my phone. -_-		]]></document>
	<document><![CDATA[I think it's a good thing my iPad died.. I was about to start getting annoyed. That's a first		]]></document>
	<document><![CDATA[Stomach hurts, it could be a lot of things... All which I'm trying to ignore.		]]></document>
	<document><![CDATA[Short can be a bad thing, then again it can be good too. ????		]]></document>
	<document><![CDATA[There is still something there, but I know that feeling.		]]></document>
	<document><![CDATA[@username is almost everyone? I don't wanna freeze!		]]></document>
	<document><![CDATA[@username Sweetdreams. Just thought I'd tell u that ????		]]></document>
	<document><![CDATA[@username Sweet! Really didn't feel like trying to look nice tommrow :)		]]></document>
	<document><![CDATA[Good way to end the night on twitter. #lmfao		]]></document>
	<document><![CDATA[Didn't know I'd feel like that.		]]></document>
	<document><![CDATA["Just because your on a diet doesn't mean you can't look at the menu." #wisewordsof @username 's mom. #lmfao		]]></document>
	<document><![CDATA[The hardest thing to do with a numb mouth is smile. #NailedIt http://t.co/QvTsjXOx		]]></document>
	<document><![CDATA[When my friends take pictures with my phone, forgetting its MY phone. >> ;-) @username @username http://t.co/tgzkXqYk		]]></document>
	<document><![CDATA[There are so many things I don't understand, yet people think I'm smart.		]]></document>
	<document><![CDATA[@username bio right?		]]></document>
	<document><![CDATA[I thought I knew.		]]></document>
	<document><![CDATA[I'm pretty sure Christmas has snuck up on me and slapped me in the face within the past week.		]]></document>
	<document><![CDATA[I don't care that we have school, the snow makes me happy :)		]]></document>
	<document><![CDATA[Apparently my cakeballs are orgasmic.		]]></document>
	<document><![CDATA[& I still need to finish my Christmas shopping :/		]]></document>
	<document><![CDATA[#tobehonest If you smell good, I love hugs. But if you smell like shit stay the hell away.		]]></document>
	<document><![CDATA[Close enough. Your dead.		]]></document>
	<document><![CDATA[Definitely not a fan of PDA... Ew.		]]></document>
	<document><![CDATA[Lovin' the sweat band. #shitnotsaid		]]></document>
	<document><![CDATA[@username  Definitely. We'll all be looking fiinee!		]]></document>
	<document><![CDATA[@username aw shucks ;)		]]></document>
	<document><![CDATA["Tell me what you know about dreamin’ dreamin’ you don't really know about nothin’ nothin'..." #KidCudi		]]></document>
	<document><![CDATA["I'm on the pursuit of happiness And I know everything that shines ain't always gonna be gold, hey I'll be fine once I get it..."		]]></document>
	<document><![CDATA[When I stutter don't make fun of me unless it trying to make me feel like shit. K thanks.		]]></document>
	<document><![CDATA[Finally! I'm all done Christmas shopping :-)		]]></document>
	<document><![CDATA[I love that you suggested I go there...		]]></document>
	<document><![CDATA[Some people are such fucking pervs...		]]></document>
	<document><![CDATA[Why in the world are some people so disgustin? Honestly what the hell.		]]></document>
	<document><![CDATA[[ ] nice or [ ] cool		]]></document>
	<document><![CDATA[This describes our friendship pretty well. @username http://t.co/uaDxSEPs		]]></document>
	<document><![CDATA[Oh my god there is a friggin ghost in andrea's room		]]></document>
	<document><![CDATA[Merry Christmas to us! @username http://t.co/Z40oZkE5		]]></document>
	<document><![CDATA[Really hope I didn't say anything stupid right there...		]]></document>
	<document><![CDATA[Merry Christmas eve eve...		]]></document>
	<document><![CDATA[Jealousy sucks. Especially when you know you shouldn't be.		]]></document>
	<document><![CDATA[Skype is basically my second love.		]]></document>
	<document><![CDATA[Let's say you have said it before...		]]></document>
	<document><![CDATA[When you start crying because if a Christmas song... <		]]></document>
	<document><![CDATA[Ok I'm almost all dressed... But where in the hell are my pants?		]]></document>
	<document><![CDATA[Re reading things from a year ago in my journal thinking "I sound dumb." I wonder if in a year from now ill be thinking the same thing... :/		]]></document>
	<document><![CDATA[Only in a perfect world.		]]></document>
</author>