<?xml version="1.0" encoding="UTF-8" standalone="no"?><author id="fde8eb00-0444-4159-9b65-1ead60c2dc88" lang="en">
	<document><![CDATA[Scenario-Based Development Framework  Reference:    Rosson, M.B., & Carroll, J.M. (2002). Usability  http://t.co/WdgxH2Ot		]]></document>
	<document><![CDATA[Photo: The Personal Touch on Informative Graphics (via http://t.co/RooOINPd) http://t.co/jeMk4Sjs		]]></document>
	<document><![CDATA[Photo: Facebook Status Update Anatomy - Social Media Graphics http://tumblr.com/xyb14wz8ih		]]></document>
	<document><![CDATA[Photo: Software Studies: Science and Popular Science magazines, 1872-2007 http://tumblr.com/xyb14xigcz		]]></document>
	<document><![CDATA[9 Social Networks for Sports Fans http://t.co/6niQHgb7		]]></document>
	<document><![CDATA[Photo: (via Blog Comments Could Help Catch a Killer) http://t.co/dMo6uBcH		]]></document>
	<document><![CDATA[What is Good Online Documentation? - Stack Overflow - Recapping some recurring themes between answers: fast... http://t.co/1Qkho1v2		]]></document>
	<document><![CDATA[Video: Hans Rosling - Growing health divide: what’s so fun about these stats again? (via Antonio A. Casilli... http://tumblr.com/xyb14y374c		]]></document>
	<document><![CDATA[Photo: ilovecharts: A chart for the do-it-yourself dressmaker › via elle http://t.co/X96OdCay		]]></document>
	<document><![CDATA[Photo: The Varieties Of Intimate Relationship http://tumblr.com/xyb1527v2b		]]></document>
	<document><![CDATA[Pretty people get edge over others - › Study co-authors Jeremy Biesanz of the University of British... http://tumblr.com/xyb152ncib		]]></document>
	<document><![CDATA[Photo: The Way To Play – XKCD’s Maps Of Optimal Tic-Tac-Toe http://tumblr.com/xyb1534ous		]]></document>
	<document><![CDATA[Using principles of Karma Yoga to get a Job - Here are 5 principles of Karma Yoga: Treat your actions as a... http://tumblr.com/xyb153o57a		]]></document>
	<document><![CDATA[Photo: Data, Information, Knowledge, Wisdom? http://tumblr.com/xyb1548j7i		]]></document>
	<document><![CDATA[Webnographers - Wiki Resource for Virtual Ethnography › This website was developed in the interest of... http://tumblr.com/xyb154tg4f		]]></document>
	<document><![CDATA[How to write a research paper http://tumblr.com/xyb155fp7j		]]></document>
	<document><![CDATA[Infographic: A (somewhat incomplete) Timeline of Social Media http://tumblr.com/xyb15aszp0		]]></document>
	<document><![CDATA[Can’t Decide Between Polka Dots and Stripes? Sentiment Analysis May Be Able to Help! - › What if you could... http://tumblr.com/xyb15b6liv		]]></document>
	<document><![CDATA[Photo: Bloggers: Levi’s® Curve ID Fits! | Levi Strauss & Co. http://tumblr.com/xyb15bmnp7		]]></document>
	<document><![CDATA[5 Tips for Increasing Your Writing Discipline - Stay Hungry. Balance self-acceptance with challenging... http://tumblr.com/xyb15c4mad		]]></document>
	<document><![CDATA[[Research Paper] Social Network and Internet Connectivity Effects - Haythornthwaite, C. (2005). Social... http://tumblr.com/xyb15co4s6		]]></document>
	<document><![CDATA[Video: presentation: Social Networks and Learning - Caroline Haythornthwaite (via... http://tumblr.com/xyb15d8f7l		]]></document>
	<document><![CDATA[Photo: Teen birth rate hits record low http://tumblr.com/xyb15durjw		]]></document>
	<document><![CDATA[Video: Are You Pregnant? Let The Internet Help! http://tumblr.com/xyb15efnhd		]]></document>
	<document><![CDATA[Victim 'tracked down sex attacker on Facebook' - › The woman, a mother in her 20s, said she had found his... http://tumblr.com/xyb15f1um0		]]></document>
	<document><![CDATA[Photo: (via PHD Comics: Where are you from?) http://t.co/7mwxr08z		]]></document>
	<document><![CDATA[5 Innovative Design Ideas To Help The Elderly Cope With Dementia [Videos] - PSFK http://t.co/G3VHjBGl		]]></document>
	<document><![CDATA[Video: Facebook Exec On Why There Aren’t Enough Female Leaders http://tumblr.com/xyb15jki2k		]]></document>
	<document><![CDATA[Photo: According to a survey published yesterday partners who gain just 8lbs over the festive period could... http://tumblr.com/xyb15jxi0f		]]></document>
	<document><![CDATA[What The 3 Stages Of Love Teach You About Crafting Great Services (via Co.Design) - COMPANIES THAT DESIGN... http://t.co/d4T7rrXG		]]></document>
	<document><![CDATA[[Research Paper] Geography and Community: New Forms of Interaction Among People and Places - Erickson, I.... http://tumblr.com/xyb15kvvle		]]></document>
	<document><![CDATA[[Research Paper] Internet Connectivity, Community Participation, and Place Attachment: A Longitudinal Study... http://tumblr.com/xyb15levlw		]]></document>
	<document><![CDATA[[Research Paper] Social Connectivity in America: Changes in Adult Friendship Network Size From 2002 to 2007... http://tumblr.com/xyb15mbki4		]]></document>
	<document><![CDATA[Photo: jonwithabullet: http://tumblr.com/xyb15n81v7		]]></document>
	<document><![CDATA[Photo: (via swissmiss | Geeks and Repetitive Tasks) http://t.co/56D1eKY5		]]></document>
	<document><![CDATA[Photo: (via The Real Reason Why They Repeat the Same 20 Songs on the Radio & TV Nationwide - True Skool... http://t.co/GJYiEQhM		]]></document>
	<document><![CDATA["Social Marketing Analytics View more presentations from Jeremiah Owyang." - Social Marketing Analytics http://tumblr.com/xyb15uwywi		]]></document>
	<document><![CDATA["How to be a Web 2.0 Metrics Jedi (Web 2.0 Expo, April 2009) View more webinars from Dan Olsen." - How to be... http://tumblr.com/xyb15w57bq		]]></document>
	<document><![CDATA[Weighing up the benefits of alcohol - Wine drinkers gain more heart health benefits than those who drink... http://tumblr.com/xyb15xc580		]]></document>
	<document><![CDATA[Photo: Purity (via xkcd) http://t.co/h6SbvpHG		]]></document>
	<document><![CDATA[Photo: Now on Facebook: 200 years of highlights in Yale medical history (via YaleNews) http://t.co/e3tx4xIZ		]]></document>
	<document><![CDATA[Photo: C&A Fashion Like: Real-Time Facebook ‘Likes’ Shown on Clothing Racks (via information aesthetics) http://t.co/C7eVRjyL		]]></document>
	<document><![CDATA[Photo: logTool [http://t.co/IpXbS7N3] is a data visualization tool that displays your online activity, based on... http://t.co/BiUz1H1B		]]></document>
	<document><![CDATA[Three Areas You Need To Test When Assessing Mobile Applications via http://t.co/7Q6X0Zl4 http://t.co/4DFMzmML		]]></document>
	<document><![CDATA[Photo: Exam Prep for the Visual Learner via GearFire - Tips for Students http://tumblr.com/xyb1619tl4		]]></document>
	<document><![CDATA[15 Ridiculously Hard Job Interview Questions From Top Employers Like Google, Goldman Sachs http://tumblr.com/xyb161k4yf		]]></document>
	<document><![CDATA[The Five Competencies of User Experience Design - Information Architecture Interaction Design Usability... http://tumblr.com/xyb161xx44		]]></document>
	<document><![CDATA[The 10 Commandments of Great User Experience Design - Publish your application’s goals and objectives, your... http://tumblr.com/xyb162dhy9		]]></document>
	<document><![CDATA[Photo: My app lets you put in your measurements (bust, waist and hips) in inches and cm and see your most... http://t.co/Nz89zTjA		]]></document>
	<document><![CDATA[More Working Americans Need More Sleep, CDC Reports - › Among all workers surveyed for the new study, those... http://t.co/sEdmGQhz		]]></document>
	<document><![CDATA[Photo: swissmiss | Minimalism in packaging design http://tumblr.com/xyb163f4yt		]]></document>
	<document><![CDATA[Video: Dancing with megaphones | Pew Research Center’s Internet & American Life Project http://tumblr.com/xyb163y9cs		]]></document>
	<document><![CDATA[[Report] Cancer 2.0 via PEW - › Broadband and mobile internet access is spreading to more Americans, making... http://tumblr.com/xyb164foo3		]]></document>
	<document><![CDATA[Link: Obama Administration Unveils “Big Data” Initiative: Announces $200 Million in New R&D Investments  http://t.co/GWfvMQxu		]]></document>
	<document><![CDATA[[Keynote] The Rise of Networked Individuals and their role in the life of entrepreneurs - [Lee Rainie]... http://tumblr.com/xyb164vy1i		]]></document>
	<document><![CDATA[Chart: hierarchy of innovation http://t.co/pNNOxhvt		]]></document>
	<document><![CDATA[Latest Cosmetic Surgery Fad: Toe Shortening to wear high heels more comfortably... - via ABC News http://tumblr.com/xyb165bijq		]]></document>
	<document><![CDATA[New Findings Suggest that Winners Are Born, Not Bred - › The [findings, published in the Journal of... http://t.co/7j0r9sQu		]]></document>
	<document><![CDATA[Photo: Shocking proof that the sun makes you age prematurely (via Gizmodo) ALWAYS USE SUNSCREEN!!!!!!! even... http://t.co/ecJ7qOCA		]]></document>
	<document><![CDATA[Photo: (via [comic] Appreciation of xkcd comics vs. technical ability - Steve Hanov’s Programming Blog) http://t.co/L7Mi9mXE		]]></document>
	<document><![CDATA[Photo: (via Top 10 Sexy Geek Girl Fashions & Cosplay… | Bit Rebels) http://t.co/JLdq7NoV		]]></document>
	<document><![CDATA[Video: The Power of Networks: Manuel Lima’s Talk… Sketched and Animated (via information aesthetics) http://t.co/gBCVwKpb		]]></document>
	<document><![CDATA[Photo: anatomy of a social network http://t.co/6SxqNwoJ		]]></document>
	<document><![CDATA[Video: hellodoctorkitty: Jared Spool and Friends - Hiring the next generation of Interaction Designers (by... http://tumblr.com/xyb168ju9z		]]></document>
	<document><![CDATA[Social butterflies may have bigger brain structures - Health - Behavior - msnbc.com - Research links the... http://tumblr.com/xyb168w3an		]]></document>
	<document><![CDATA[Experimental Campaigns Pay Drivers to Avoid Rush-Hour Traffic - this spring, with a $3 million research... http://t.co/jk5OSfFl		]]></document>
	<document><![CDATA[The Body Odd - 'Asian flush' red flag for risk of cancer - “People with this ALHD2 deficiency have a really... http://tumblr.com/xyb1699k89		]]></document>
	<document><![CDATA[Photo: Gender balance on social networking sites (via Information is Beautiful) http://t.co/GrAJW1kY		]]></document>
	<document><![CDATA[Video: Origami Pills Bloom In Water (via PSFK) http://t.co/xj5zQdRt		]]></document>
	<document><![CDATA[Video: Kymera Magic Wand Remote Control by thewandcompany (via Broodr) http://t.co/q3Fo7Bsm		]]></document>
	<document><![CDATA[[Research Paper] The Alcohol Flushing Response: An Unrecognized Risk Factor for Esophageal Cancer from... http://tumblr.com/xyb169p2fv		]]></document>
	<document><![CDATA[Video: What is courage? (via Hello Etsy Berlin - Chad Dickersonon Etsy - live streaming video powered by... http://t.co/ZVLK3Cvu		]]></document>
	<document><![CDATA[Photo: Doctors with a Facebook profile could be jeopardizing their relationship with patients if they don’t... http://tumblr.com/xyb16a8ozz		]]></document>
	<document><![CDATA[Video: Doing your research as a patient. CNN’s Elizabeth Cohen explains why patients should do their own... http://tumblr.com/xyb16atkk8		]]></document>
	<document><![CDATA[Photo: (via How Social is the Web? [Infographic]) http://t.co/XCRQTKOt		]]></document>
	<document><![CDATA[Video: Seniors who eat healthy, live longer. CNN’s Pat St. Claire looks at a new study about eating habits... http://tumblr.com/xyb16bcpm8		]]></document>
	<document><![CDATA[The new subspecialty of clinical informatics - Last fall, the American Board of Medical Specialties (ABMS)... http://t.co/xB7xc2Dk		]]></document>
	<document><![CDATA[Mental Models: Aligning Design Strategy with Human Behavior by Indi Young http://t.co/iHQEfxfP		]]></document>
	<document><![CDATA[In the Future Everything Will Be A Coffee Shop - via The Speculist http://t.co/MFg3T236		]]></document>
	<document><![CDATA[Photo: Virtual Museum Showcases 130 Years Of Nursing Stories & Artifacts (via PSFK) http://t.co/Ex7r9J4w		]]></document>
	<document><![CDATA[Photo: New Start-Up Uses Algorithims to Determine Your Bra Size (via Chipchick) http://t.co/k4D7SwqT		]]></document>
	<document><![CDATA[Photo: Hyperextension and ballet (via « wandering apricot) http://t.co/65jSJKXG		]]></document>
	<document><![CDATA[Photo: Sculpted Fingernail Art (via Geekologie) http://t.co/IjgjUpdo		]]></document>
	<document><![CDATA[Video: BoF Fashion Pioneers | Jefferson Hack in conversation with Imran Amed (via The Business of Fashion) http://tumblr.com/xyb16fq3uy		]]></document>
	<document><![CDATA[Photo: http://t.co/YbEYbHIl		]]></document>
	<document><![CDATA[Photo: Collection of work from Origami Artist Robert J Lang (via OEN) http://t.co/Z7dIgWl6		]]></document>
	<document><![CDATA[Photo: He Said, She Said: How Information Flows From You to Your Boss's Boss http://t.co/QQiLdoW5		]]></document>
	<document><![CDATA[Photo: The Top 13 Women Who Impacted Technology in 2010 http://tumblr.com/xyb16gehpi		]]></document>
	<document><![CDATA[For Some Travelers Stranded in Airports, Relief Is in 140 Characters via Pew Research Center's Internet &... http://tumblr.com/xyb16gpus9		]]></document>
	<document><![CDATA[Photo: Making sense of software development and personality types http://t.co/zskpOLCk		]]></document>
	<document><![CDATA[Photo: Conducted by the U.K.’s Superdrug chain, the study found that ladies with lighter locks earn about... http://tumblr.com/xyb16h2qty		]]></document>
	<document><![CDATA[Read Boys in White by Howard S. Becker http://bit.ly/gO8oIT		]]></document>
	<document><![CDATA[Gilt Groupe Continues on a Roll - The former Harvard classmates started the shopping site just over three... http://tumblr.com/xyb16hjbux		]]></document>
	<document><![CDATA[Ladies, Want a Career in Science? Want to Have a Family? Pick One - Women in science are not alone. In law,... http://tumblr.com/xyb16hzwta		]]></document>
	<document><![CDATA[6 Essential Skills All Employees Will Need in 2011 - 1. Immigrant Perspective 2. Circular Vision 3. Latin... http://tumblr.com/xyb16ijl5h		]]></document>
	<document><![CDATA[Fifty Writing Tools: Quick List | Poynter. http://tumblr.com/xyb16j26lk		]]></document>
	<document><![CDATA[Video: How To Make Vietnamese Coffee (by HighBeamFilms) http://t.co/Eo2si8e8		]]></document>
	<document><![CDATA[lyx is soooo awesome!!! finally figured out how to customize it :)		]]></document>
	<document><![CDATA[Impact Algorithms: Strategies Remarkable People Use to Accomplish Remarkable Things - via Study Hacks http://t.co/yBXJh615		]]></document>
	<document><![CDATA[Why You're Tired - Causes of Fatigue http://tumblr.com/xyb16jn67s		]]></document>
</author>