<?xml version="1.0" encoding="UTF-8" standalone="no"?><author id="524c1fff-45c9-4a39-ae75-f0d73c192478" lang="it">
	<document><![CDATA[#Chavez, un continente in lutto: http://t.co/Ztr52q1l7P		]]></document>
	<document><![CDATA[Voglio anch'io un #chip sottopelle!		]]></document>
	<document><![CDATA[Sempre stato dalla parte dei #marò ma non mantenere fede alla parola data ad uno stato estero è una vigliaccata, punto.		]]></document>
	<document><![CDATA[I polacchi soliti idoli: http://t.co/abMAe6oY2C		]]></document>
	<document><![CDATA[Su #radio24 sta parlando la probabile prossima presidente della camera (M5S).. un pianto..		]]></document>
	<document><![CDATA[Civitella del Tronto, ultimo baluardo #borbonico
http://t.co/MIJ47Y3Pqp		]]></document>
	<document><![CDATA[@username fa il saluto nazista, radiato dalla nazionale greca #nazismo #rispetto		]]></document>
	<document><![CDATA[Se il #Pd fa una qualsiasi alleanza con la #LegaNord perde definitivamente la mia stima.		]]></document>
	<document><![CDATA[I principali cambiamenti in ambito social: http://t.co/m8Wp9GMRTh #Facebook #Twitter #Pinterest #GooglePlus		]]></document>
	<document><![CDATA[@username racconta le sorelle islamiste, un altro modo di vivere la #rivoluzione http://t.co/Vv6UvDPmRa		]]></document>
	<document><![CDATA[@username, un'infografica interessante http://t.co/FMXlkDyUWK #Pinterest #Social		]]></document>
	<document><![CDATA[@username Bisognerebbe anche capire da quante persone è composto il personale.		]]></document>
	<document><![CDATA[Un saluto ad Antonio #Manganelli, personaggio (e persona) importante della recente storia italiana.		]]></document>
	<document><![CDATA[@username ottima risposta su Manganelli.		]]></document>
	<document><![CDATA[#EngagementRate, è ancora valida la ricetta di @username?: http://t.co/34V0F8zvsV …		]]></document>
	<document><![CDATA[Sette anni di @username http://t.co/hZwfYQAL4K		]]></document>
	<document><![CDATA[#Marò, figuracce su figuracce.		]]></document>
	<document><![CDATA[Come (e quanto) blog e social influenzano gli acquisti: http://t.co/gxP3jGYOn5		]]></document>
	<document><![CDATA[Ho battuto un filippino a 21. Clamoroso.		]]></document>
	<document><![CDATA[@username, 100.000 dollari a chi inventa il preservativo hi-tech #BillGates		]]></document>
	<document><![CDATA[#MagdiAllam lascia la #Chiesa perché 'troppo debole con l'Islam' http://t.co/zR0BlFUID1		]]></document>
	<document><![CDATA[Sui mezzi pubblici si raggiungono vette di irritazione sempre nuove. 'Scendo tra 3 fermate, mi fa passare?'		]]></document>
	<document><![CDATA[@username Esistono metriche più complesse per misurare l'engagement, quelle di Social Wise in particolare. Ottimo post comunque.		]]></document>
	<document><![CDATA[@username Gasol e Blake si sono detti soddisfatti in realtà.		]]></document>
	<document><![CDATA[Un parere riguardo l'adv di #Facebook: http://t.co/WYih3piL9q		]]></document>
	<document><![CDATA[@username Questa di West non la sapevo.		]]></document>
	<document><![CDATA[Ben svegliato, #Crimi!		]]></document>
	<document><![CDATA[Social media e vendite, un'analisi: http://t.co/UsPwK3hjii		]]></document>
	<document><![CDATA[Legge del taglione in #ArabiaSaudita, ancora.. http://t.co/khv89Ra73n		]]></document>
	<document><![CDATA[Nerone e la frottola dell'incendio: http://t.co/crf7YK7GVz #Fini		]]></document>
	<document><![CDATA[Tutti a lamentarsi del tempo.. Io vorrei fosse così per altri due mesi.		]]></document>
	<document><![CDATA[L'ennesimo stupro legalizzato: http://t.co/DC2odAfJz3 #Rousseff #JurunaTribe http://t.co/J9h3aTyZpf		]]></document>
	<document><![CDATA[#HarlemShake arabo (fantastici i tunisini): http://t.co/9BVcki6PF4		]]></document>
	<document><![CDATA[#PapuaNuovaGuinea, ancora morti per stregoneria: http://t.co/GwrVXEJ2as		]]></document>
	<document><![CDATA[#Neruda, esumato il corpo (ma davvero c'è ancora il dubbio che non sia stato ucciso da Pinochet?)		]]></document>
	<document><![CDATA[#Twitter, oltre i 140 caratteri: http://t.co/HH5DxulKaD		]]></document>
	<document><![CDATA[@username Sul Corriere di oggi si parla di 18 milioni, 30-50 mila al giorno (ahimè)		]]></document>
	<document><![CDATA[@username Certo, semplicemente la familiarità con i cani aggiunge un pizzico di inquietudine.		]]></document>
	<document><![CDATA[L'inferno dei cristiani in #Nigeria: http://t.co/s7DNomdy1p		]]></document>
	<document><![CDATA[Non riesco a pensare a un video più controproducente di questo: https://t.co/bGQOj55vy1 per 'endorsare' #EmmaBonino.		]]></document>
	<document><![CDATA[Immortale Int'o Rione: http://t.co/6UirCVUC2p #Cosang		]]></document>
	<document><![CDATA[@username imita #PeterSagan: http://t.co/mu6eMCZrBH		]]></document>
	<document><![CDATA[@username qualcosa tipo 'che noia'		]]></document>
	<document><![CDATA[@username Voglio i dettagli della vostra presenza Rossi! (magari in privato) :)		]]></document>
	<document><![CDATA[#SMM e aziende: http://t.co/gaRniSbybr		]]></document>
	<document><![CDATA[Ma che roba è la pubblicità della #CocaZero? Drammatica.		]]></document>
	<document><![CDATA[Notizia devastante e pessimo risveglio. Good luck to @username, come back stronger. #prayforkobe #lakersnation #vinostronger		]]></document>
	<document><![CDATA[Non può finire così: http://t.co/q9GgGn0cn3 #vinostronger		]]></document>
	<document><![CDATA[#Maduro vince di un soffio, #Venezuela ancora chavista: http://t.co/gljAM8Ee4e		]]></document>
	<document><![CDATA[#Amato no, abbiate pietà.		]]></document>
	<document><![CDATA[#Facebook, il nuovo #EdgeRank favorisce foto e video: http://t.co/Dkqua75xGs		]]></document>
	<document><![CDATA['Quando le misure contano': http://t.co/dqF9x9rK0P … #Immagini #Social		]]></document>
	<document><![CDATA[#Venezuela, scontri tra chavisti e oppositori, sette morti: http://t.co/hJzlZBJeRd		]]></document>
	<document><![CDATA[Il valore di un fan su #Facebook: http://t.co/AyScbxyLYn		]]></document>
	<document><![CDATA[#Tamerlan: 'Non ho un singolo amico americano, non li capisco'. Direi che è tutto racchiuso in questa frase.		]]></document>
	<document><![CDATA[Pronti, come sempre: http://t.co/0q1uc4LnXc		]]></document>
	<document><![CDATA[@username Vedi mio tweet del 12 aprile. Pubblicità imbarazzante.		]]></document>
	<document><![CDATA[#Twitter, addio balena, arriva #Nessie: https://t.co/ooE29waewe @username		]]></document>
	<document><![CDATA[@username e chi lo dice? Stupende.		]]></document>
	<document><![CDATA[@username Rispondo ai quesiti interessanti più che altro! E non sono poi tanto fuori dal comune :)		]]></document>
	<document><![CDATA[#Ingroia sta facendo una figuraccia dietro l'altra		]]></document>
	<document><![CDATA[Bella campagna anti abusi della #ANAR Foundation: http://t.co/HQcakFOL7Z …		]]></document>
	<document><![CDATA[I problemi di @username (get well soon): http://t.co/H8h2sUfDGK #Deng		]]></document>
	<document><![CDATA[Università Carmelo Bene, suonerebbe anche discretamente: http://t.co/imZtKc6OLR @username		]]></document>
	<document><![CDATA[@username @username Ero dubbioso in effetti. Da salentino, ci spero.		]]></document>
	<document><![CDATA[Addio a #Videla, senza alcun rip.		]]></document>
	<document><![CDATA[I cinque bambini che vivranno grazie a Gianluca: http://t.co/5NQbANUH73		]]></document>
	<document><![CDATA[Se la #Ferrero chiude il #WorldNutellaDay: http://t.co/WUailnDSWn		]]></document>
	<document><![CDATA[Passo falso della #Kyenge (posto che #Morelli si commenta da solo) : http://t.co/52r5tIQ5tB		]]></document>
	<document><![CDATA[Ventun'anni fa un colpo al cuore della Sicilia e del meridione. La ferita non si è ancora rimarginata. Grazie #Falcone.		]]></document>
	<document><![CDATA[@username All'Italia tutta, certo, ma le distinzioni ci sono, eccome.		]]></document>
	<document><![CDATA[Social Media Management, alcuni errori comuni: http://t.co/lH3wF6ruaB		]]></document>
	<document><![CDATA[10,5 milioni di visualizzazioni in meno di 2 settimane per il viral di #Samsung: http://t.co/kL8eEc1KNF		]]></document>
	<document><![CDATA[Jiroemon #Kimura è l'unica persona di sesso maschile nata nell'800. Ovviamente è un giapponese http://t.co/baWWUGGBap		]]></document>
	<document><![CDATA[@username La questione è decisamente più complessa.		]]></document>
	<document><![CDATA[@username Di base si può semplicemente essere d'accordo o meno.		]]></document>
	<document><![CDATA[Milano, ieri, ore 19. L'unico aspetto positivo è costituito dalla fine delle lamentele social sul maltempo. http://t.co/HRebE7jphh		]]></document>
	<document><![CDATA[@username ci sono antiabortisti e antiabortisti		]]></document>
	<document><![CDATA[@username giustamente sì, ti ho trovata tramite un retweet di un mio contatto.		]]></document>
	<document><![CDATA[@username Un brutto futuro probabilmente. Dovrei comunque approfondire il caso, giudicavo solo la tua frase, fuori contesto.		]]></document>
	<document><![CDATA[David Cusanelli, base jump, Grotta Gigante: http://t.co/HxESj7B330 …		]]></document>
	<document><![CDATA[#SAKOTA, dall'inferno al paradiso.		]]></document>
	<document><![CDATA[#HarlemShake sull'altare: http://t.co/tvhgOOVofj		]]></document>
	<document><![CDATA[Solo schifo per questa gente: http://t.co/IIPLvqGI7q		]]></document>
	<document><![CDATA[Pessimo articolo del Corriere su #Mahut, a partire dall'inspiegabile titolo: http://t.co/l8i6GnHsMs		]]></document>
	<document><![CDATA[Interessante post di @username sull'origine della lingua italiana: http://t.co/BiK9QdNbuK		]]></document>
	<document><![CDATA[Bravo #Schwazer, oltre che furbo e dopato, ti dimostri una capra: http://t.co/G1P50BlEOl		]]></document>
	<document><![CDATA[Monza - Carate, 20 milioni e 12 anni per un km: http://t.co/UfzHGjC6j1 #sprechi		]]></document>
	<document><![CDATA[Espellere dal partito, grazie: http://t.co/zZYoamD6Zg @username #CaterinaMarini		]]></document>
	<document><![CDATA[Tanto sudore tanta salute (cit.) http://t.co/PeN7N26o3B		]]></document>
	<document><![CDATA[Sensazionale @username! http://t.co/vPaT44tP8f		]]></document>
	<document><![CDATA[Conferenza sul ruolo delle donne in società, Arabia Saudita: http://t.co/MxgjjY7mAq … http://t.co/j4e3SvVdeI		]]></document>
	<document><![CDATA[#Marino in bici, con i vigili intorno http://t.co/qbvuq8WL0L @username #Roma		]]></document>
	<document><![CDATA[La #Campania tra le top 10 regioni al mondo secondo @username: http://t.co/uEIfcSsjuK		]]></document>
	<document><![CDATA[Quelle piddine che sognano il tribunale della morale: http://t.co/LCod5gOfAX		]]></document>
	<document><![CDATA[The Bouncer Prank, non male quelli di @username: https://t.co/0CuSZGXgxN …		]]></document>
	<document><![CDATA[Incontri: http://t.co/jVRLHAJ4ez		]]></document>
	<document><![CDATA[#DepartureRoulette, @username colpisce ancora: https://t.co/5WrscRrmkv		]]></document>
	<document><![CDATA[Google Maps satellite sempre sia lodato.		]]></document>
	<document><![CDATA[Cosa ci fa Vero Capri tra Rai Storia e Focus Tv?		]]></document>
</author>