<?xml version="1.0" encoding="UTF-8" standalone="no"?><author id="b7314aa9-1806-4ceb-9f11-3f6dcf473b30" lang="it">
	<document><![CDATA[E' l'estate di san Martino. #nachsommer		]]></document>
	<document><![CDATA[RT“@username: Non vorrei deludere nessuno, ma l'agenda digitale sarà l'ultimo dei pensieri di #Monti http://t.co/otRf8G8W via @username”		]]></document>
	<document><![CDATA[RT @username: #occupymilano #occupyall protesta poco numerosa ma colorata quasi felice bello vedere il centro così #milano http://t.co/GybZIN9Q		]]></document>
	<document><![CDATA[@username @username se lo fate mi risparmiate un lavoro :) le sto raccogliendo per un analisi sociolinguistica #twittatrame		]]></document>
	<document><![CDATA[@username Si immagino, sto raccogliendo tweet per analisi da un mese. Compito a dir poco arduo.		]]></document>
	<document><![CDATA[@username direi che stavo scambiando una battutta più che free-riding. Sullo sbobinare  tweet non mi risparmio :) @username		]]></document>
	<document><![CDATA[Buona La tartarre. Sono genovesi, anche nella porzioni. (@username Maxela) http://t.co/Wj4uyoC9		]]></document>
	<document><![CDATA[I'm at La Fabbrica del Vapore (Via Procaccini 4, Milano) http://t.co/hEDn2vAB		]]></document>
	<document><![CDATA[Gli anni 80 sono finiti. #berlusconi #abdicato		]]></document>
	<document><![CDATA[@username polvere di amido di mais		]]></document>
	<document><![CDATA[I'm at La Rinascente (Piazza Duomo, Milano) w/ 4 others http://t.co/kIG0Y3Ls		]]></document>
	<document><![CDATA[@username e in effetti lo sto facendo :)		]]></document>
	<document><![CDATA[I'm at Università degli Studi di Milano (via Noto 8, via Giuseppe Ripamonti, Milano) http://t.co/pXQNUpto		]]></document>
	<document><![CDATA[I'm at Università degli Studi di Milano (Piazza Sant'Alessandro, 1, Milano) http://t.co/KMa7MmNF		]]></document>
	<document><![CDATA[Photo: Elle Rene - Lunch & still life http://tumblr.com/x4t9pho5r		]]></document>
	<document><![CDATA[Chi ha usato per primo il termine #twitteri e perchè. questo glossario di #Gilda35 è utile, mi manca il #chi e #perchè http://t.co/9QPT0IEg		]]></document>
	<document><![CDATA[I'm at Osteria dei Vecchi Sapori (Via Carmagnola, 3, Milano) http://t.co/x2eUsZp8		]]></document>
	<document><![CDATA[Risotto castagne e toma  @username Osteria dei Vecchi Sapori http://t.co/xBL0ChQq		]]></document>
	<document><![CDATA[Fusilli salentini   @username Osteria dei vecchi sapori http://t.co/dFUmUUs9		]]></document>
	<document><![CDATA[@username aè		]]></document>
	<document><![CDATA[Photo: via SIgnal http://tumblr.com/x4ta2wc3i		]]></document>
	<document><![CDATA[Photo: via Runner http://tumblr.com/x4ta2wj9m		]]></document>
	<document><![CDATA[Photo: via Condiment http://tumblr.com/x4ta2wn1l		]]></document>
	<document><![CDATA[Photo: via martin Scorzese http://tumblr.com/x4ta2x2x5		]]></document>
	<document><![CDATA[Di nuovo su Twitter dopo 3 settimane di lettura libri per #twittertesi		]]></document>
	<document><![CDATA[Wikipedia non lo dice ancora ma è morta #ChristaWolf http://t.co/hI8dgnD5		]]></document>
	<document><![CDATA[E ora mi tocca screenshottare i tweet di 100 di voi #twittertesi		]]></document>
	<document><![CDATA[affronto lo sviluppo della twitter etiquette per #twittertesi il primo contributo che analizzo è quello di @username per Apogeo		]]></document>
	<document><![CDATA[La guerra per i piccolini plasmon vs @username http://t.co/rmlLxpxj		]]></document>
	<document><![CDATA[@username Certo che no! Il tuo libro e il tuo blog sono preziossimi e citatissimi nella mia tesi sulla lingua di twitter #twittertesi		]]></document>
	<document><![CDATA[@username Di nulla, grazie a te. C'è un deserto scientifico rispetto a twitter :(
#twittertesi		]]></document>
	<document><![CDATA[@username Sì, vero. Metterò più avanti alcune risorse e risultati online. Se può interessare  te li linko :)		]]></document>
	<document><![CDATA[@username certo!		]]></document>
	<document><![CDATA[Pronta da infornare: focaccia con gorgonzola pere e noci   @username Zona piola http://t.co/FHwRtown		]]></document>
	<document><![CDATA[Ormai sono solo una lurker di #twitter cercando di capire se siete solo fatici o raccotate pure #twittertesi		]]></document>
	<document><![CDATA[Tra poco il nuovo #twitter...quindi dovrò riscrivere 3 capitoli http://t.co/kJOUdU1n		]]></document>
	<document><![CDATA[I'm at stazione FS Novara (piazza garibaldi, Novara). http://4sq.com/bsyS8f		]]></document>
	<document><![CDATA[I'm at Piazza Castello (Piazza Castello, Milano). http://4sq.com/cV4hzP		]]></document>
	<document><![CDATA[I'm at Casa Rosella (C.so Lidi 102, Milano). http://4sq.com/93Djtj		]]></document>
	<document><![CDATA[La patrimoniale di @username: via rid per tutti i clienti banca intesa questo mese la bolletta è stata fatta pagare 2 volte. Controllate		]]></document>
	<document><![CDATA[Se chiami @username é colpa di @username se la bolletta tel di tutti i clienti è stata conteggiata 2 volte. #scaricabarilestateofmind		]]></document>
	<document><![CDATA[@username ho già chiamato, prima di 48 ore da lunedì non date risposte, solerti!		]]></document>
	<document><![CDATA[@username è problema amministrativo visto che lo avete comunicato a intesa datene comunicazione  ai clienti che si ritrovano la sorpresa		]]></document>
	<document><![CDATA[@username grazie della disponibilità in ogni caso		]]></document>
	<document><![CDATA[Torno alla base. Sforno caldo essen www.essen.com		]]></document>
	<document><![CDATA[I'm at Glossom (Corso di Porta Ticinese 65, Milan). http://4sq.com/c0IK3A		]]></document>
	<document><![CDATA[I'm at Bar Rattazzo (83 Corso di Porta Ticinese, Milan). http://4sq.com/bvxFlw		]]></document>
	<document><![CDATA[I'm at Porta Ticinese (Piazzale 24 Maggio, Milan). http://4sq.com/clhIkr		]]></document>
	<document><![CDATA[I'm at Glossom (Corso di Porta Ticinese 65, Milan). http://4sq.com/c0IK3A		]]></document>
	<document><![CDATA[I'm at Casa Rosella (C.so Lidi 102, Milano). http://4sq.com/93Djtj		]]></document>
	<document><![CDATA[I'm at Glossom (Corso di Porta Ticinese 65, Milan). http://4sq.com/c0IK3A		]]></document>
	<document><![CDATA[I'm at Bar della Crocetta (Corso di Porta Romana 67, M3 Crocetta, Milano). http://4sq.com/bP16sx		]]></document>
	<document><![CDATA[Photo: (via sexual) http://tumblr.com/x4tak9bcz		]]></document>
	<document><![CDATA[I'm at Casa Rosella (C.so Lidi 102, Milano). http://4sq.com/93Djtj		]]></document>
	<document><![CDATA[I'm at Colonne di S. Lorenzo (39 Corso di Porta Ticinese, Milan). http://4sq.com/cLc5i0		]]></document>
	<document><![CDATA[I'm at Fiera di senigallia. http://4sq.com/cQoWBA		]]></document>
	<document><![CDATA[Sì“@username: E se quella dei giornalisti fosse un'altra, intoccabile casta? @username sulle parole di Elsa Fornero: http://t.co/o7eHVDAu”		]]></document>
	<document><![CDATA[parlo tutto il giorno di #twitter ma non #twitto più		]]></document>
	<document><![CDATA[I'm at PAC - Padiglione d'Arte Contemporanea (via Palestro, 14, Milan). http://4sq.com/cOQzvv		]]></document>
	<document><![CDATA[@username Si, abbondano		]]></document>
	<document><![CDATA[Hai un bel design @username , ma perchè e come ti uso non lo so ohhhh soundtrackinggg http://t.co/tHTYxuLa		]]></document>
	<document><![CDATA[@username eh. Guarda io sono in prima classe e il riscaldamento non c'è, solo parche bestemmie		]]></document>
	<document><![CDATA[Preparo le zeppole con nonna, no non sono quelle dolci. E' pasta della pizza fritta #sanonatale		]]></document>
	<document><![CDATA[Che è successo a Potenza? #breakingnews		]]></document>
	<document><![CDATA[Niente è successo a Potenza, è Repubblica che grida http://t.co/iPAY174T #breakingnews		]]></document>
	<document><![CDATA[#dictatorsgmaeover RT“@username: Se anche Putin non mi regge, dopo Mubarak, Ben Ali, Gheddafi e Kim Jong-Il, annaccio eh”		]]></document>
	<document><![CDATA[Ok. La moglie del candidato repubblicano Gringrich è il mio nuovo incubo natalizio http://t.co/HnnLeG2N via @username		]]></document>
	<document><![CDATA[@username Anche qui si fanno zeppole e rospi pure melanzane fritte con pesto siciliano #sanonatale		]]></document>
	<document><![CDATA[@username Testimonia panettone e prosciutto, qua tradizione piena STRUFOLI #sanonatale		]]></document>
	<document><![CDATA[Hanukkah alla Casa Bianca. Gli ebrei fanno le zeppole! #sanonatale http://t.co/O4XwCjIV		]]></document>
	<document><![CDATA[Risveglio con rassegna stampa @username la giornalista commenta Elpais dicendo che gli spagnoli non sono molto cattolici... ehm		]]></document>
	<document><![CDATA[Senza contare che @username sembra essere dotato di explorer 6 su windows 98 per la rassegna internet. Dai, il prossimo canone almeno XP!		]]></document>
	<document><![CDATA[Qui no “@username: È Natale: In un sacco di posti del mondo, e anche al Post: auguri http://t.co/F2xJd6IG”		]]></document>
	<document><![CDATA[Grazie a nonna le tradizioni culinarie sono mantenute: zeppole, cannelloni, arrosto e strufoli. Mamma è nel loop surgelati, devo salvarla		]]></document>
	<document><![CDATA[L'alfabeto di gatti #natale: http://t.co/XRv5lOZ1		]]></document>
	<document><![CDATA[Ok mia madre ha comprato i gamberi sotto aceto e gli asparagi surgelati. #aiuto		]]></document>
	<document><![CDATA[#AlaaisFree @username @username  : una buona notizia da dare		]]></document>
	<document><![CDATA[RT“@username: #alaaisfree e per Natale in tanti oggi aspettano un tweet. Da @username :-)”		]]></document>
	<document><![CDATA[I'm at Via Torino. http://4sq.com/9iydG3		]]></document>
	<document><![CDATA[I'm at Glossom (Corso di Porta Ticinese 65, Milan). http://4sq.com/c0IK3A		]]></document>
	<document><![CDATA[L'appello Urbi et Orbi del papa non è malvagio è il pulpito che non convince. #benedettoXVI #ipocrisia #nataledicrisi		]]></document>
	<document><![CDATA[“RT@username: C'è una campagna di denigrazione della Resistenza: diretta dall'alto, coltivata dal cortigiano. Giorgio Bocca, 2004”		]]></document>
	<document><![CDATA[Min Profumo, dopo Natale con nipoti ti dico più che i tablet, riformiamo il metodo, non sanno perchè studiano. Più progetto meno imposizioni		]]></document>
	<document><![CDATA[@username Molti lo furono e poi rinsavirono combattendo, come molti sono stati berlusconiani e adesso prendono coscienza.		]]></document>
	<document><![CDATA[RT“@username: Questa sera è come se anche la rapidità di twitter fosse ottenebrata dal cibo e dal vino”		]]></document>
	<document><![CDATA[@username non ho discusso il suo orientamento politico pre e post 45. Ho detto che è stato partigiano, questo è un fatto.		]]></document>
	<document><![CDATA[@username Se tu hai fatto un'analisi linguistico-storica-psicologica degli ultimi scritti e ti senti di dire ciò, ok. Io mi attengo ai fatti		]]></document>
	<document><![CDATA[@username Si come vuoi. Replicavo che a meno che tu sia uno storico la tua posizione è arbitraria e come tale faziosa senza fondamento.		]]></document>
	<document><![CDATA[@username Non mi interessa il qualunquismo tuo o quello revisionista. I fatti supportano la mia definizione, che non è un giudizio.		]]></document>
	<document><![CDATA[@username quanto a livore tu non sei da meno, non ho interesse per la tua dialettica. Ho citato #bocca senza pontificare per altre ragioni		]]></document>
	<document><![CDATA[@username  Per me nessun livore.Ti consiglio di leggere  Ginsborg Storia dell'Italia dal dopoguerra ad oggi		]]></document>
	<document><![CDATA[I'm at fnac (Via torino, Milan). http://4sq.com/cT7eoW		]]></document>
	<document><![CDATA[Oggi si legge Botti e La questione basca (@username Via Ariosto) http://t.co/gq76lqAE		]]></document>
	<document><![CDATA[La teiera giusta #wishlist: http://t.co/tOcqASRS		]]></document>
	<document><![CDATA[Sono riuscita a far  iscrivere un prof di linguistica it su Tw. E' il mio #bestgift  (sta leggenfo il libro di @username per imparare)		]]></document>
	<document><![CDATA[Vi consiglio la serie  Black Mirror a 3 puntate: fantapolitica e twitter, schiavitù e celebrità, memoria e love. http://t.co/8ZJK4lk8 #epic		]]></document>
	<document><![CDATA[Unicornolama : http://t.co/EWIC2XNC		]]></document>
	<document><![CDATA[Il primo ministro deve fare sesso con un maiale è trending su Twitter  from #BlackMirror http://t.co/FX6sVo3I		]]></document>
	<document><![CDATA[Qualcuno sa indicarmi un buon aggregatore di news (feed RSS et simila) collegato a Wp? #lavorosempre		]]></document>
	<document><![CDATA[@username Antonio Franchini Cronaca della fine - Calvino Marcovaldo - Bruno Pischedda Come è grande la città-Morin Pro e Contro Marx		]]></document>
</author>