<?xml version="1.0" encoding="UTF-8" standalone="no"?><author id="d8361355-01ca-4441-a060-acd0aaad256e" lang="it">
	<document><![CDATA[@username Ottimo inizio settimana!		]]></document>
	<document><![CDATA[Quando in #piscina usi 2 gettoni per asciugarti i capelli, solo allora capisci che urge un taglio netto. Ma mica a quest'ora eh! #bastapoco		]]></document>
	<document><![CDATA[Dicono che la #creatività sia quella cosa che salverà il mondo. Io ci credo, e voi? #bastapoco		]]></document>
	<document><![CDATA[Super Mario? superato! Ora c'è Super Chuck Norris: http://t.co/AU94SuLa via @username		]]></document>
	<document><![CDATA[Se le specifiche del nuovo Samsung #Galaxy S3 sono queste - http://t.co/EFojt6ds - si preannuncia una bella sfida con il prossimo #iPhone.		]]></document>
	<document><![CDATA[Contest: vinci 3 licenze di Corel AfterShot Pro per Mac su SaggiaMente http://t.co/BJkXKKGt via @username		]]></document>
	<document><![CDATA[4 giorni in montagna senza rete Tre e wifi e né #Facebook e né #Twitter mi sono mancati. Solo allora ti ricordi com'è che si vive veramente.		]]></document>
	<document><![CDATA[Non ci credo! @username quante pizze... Camorra, sequestrati 41 milioni di euro. Anche i ristoranti Don Chisciotte. http://t.co/K9MjlgHp		]]></document>
	<document><![CDATA[Contest: vinci 3 kit composti da stylus Magicwand + Magicscreen per iPhone 4/4S su SaggiaMente http://t.co/Fz7kKwQv via @username		]]></document>
	<document><![CDATA[@username Hai dimenticato di scrivere se si può partecipare con entrambi gli account o solo uno.		]]></document>
	<document><![CDATA[@username Ok, perfetto ;)		]]></document>
	<document><![CDATA[iPhone: iTunes » sincronizza libri (pdf). Risultato: musica cancellata dall'iPhone, ma libri sincronizzati. CERTO iTunes!! #daicazzo!		]]></document>
	<document><![CDATA[Se penso al display del mio iPhone 4S, il display del nuovo #iPad fa a dir poco venire i brividi! La tecnologia sta andando alla grande.		]]></document>
	<document><![CDATA[Download e installazione di iOS 5.1 in corso. Prima: senza bug della batteria su iPhone 4S; dopo: ? #speriamobene		]]></document>
	<document><![CDATA[Auguri a tutte le donne che ogni giorno non si fermano di fronte a niente. Con stima, un uomo. #8Marzo		]]></document>
	<document><![CDATA[#iOS 5.1 e la batteria che aumenta da sola e senza essere sotto carica o.O Un bug al contrario? #iPhone4S		]]></document>
	<document><![CDATA[@username Hai provato ad aggiornarle tramite iTunes invece che da iPhone? #amaliestremi		]]></document>
	<document><![CDATA[@username Allora sento puzza di ripristino... Con iOS 5.0.1 o 5.1?		]]></document>
	<document><![CDATA[Che odio quando in treno qualcuno ti si siede davanti e inizia a mangiare avidamente schifezze del McDonald's, dita comprese!		]]></document>
	<document><![CDATA[#iOS 5.1 + #iTunes 10.6 = niente cover album su iPhone 4S. E c'è già una discussione dedicata sull'help Apple http://t.co/e6m4VKg9.		]]></document>
	<document><![CDATA[Mi si fotte la libreria di iTunes e Time Machine salva tutto meno che il file "iTunes Library.xml"? Ma scherziamo?? #daicazzo!		]]></document>
	<document><![CDATA[Alla fine ho dovuto rimettere #iTunes 10.5.3, almeno ho risolto il problema delle album cover su iPhone. Il problema è iTunes 10.6.		]]></document>
	<document><![CDATA[@username Temple Run per Android ha finalmente una data di lancio ufficiale // http://t.co/jox47ZRR		]]></document>
	<document><![CDATA[#Blender, un bel corso su iTunes U da seguire: "Jason Welsh - 3D Modeling 1: Blender 2.5" http://t.co/RcdPCEEc #iTunes		]]></document>
	<document><![CDATA[Creativi digitali, andate tutti su Draft.it a seguire live il World Wide Rome! http://t.co/zDeCmNDW #worldwiderome #makers12		]]></document>
	<document><![CDATA["Ripensare il design italiano basandosi sui behaviours", Leonardo Angrò #makers12		]]></document>
	<document><![CDATA["I rendering li sanno fare tutti. Sai fare quell'oggetto nella vita reale?", Massimo Banzi. È interaction design. #makers12		]]></document>
	<document><![CDATA[@username Bella davvero, complimenti.		]]></document>
	<document><![CDATA[Sarà il silenzio, sarà la pace interiore, ma di #notte la mente si apre ad un mondo che di giorno non immagineresti mai. #buonanotte		]]></document>
	<document><![CDATA[#iOS 5.1, #iPhone 4S » test batteria: utilizzo 2 ore 30 minuti, standby 20 ore 10 minuti. Batteria 50%. Problema risolto? :)		]]></document>
	<document><![CDATA[@username RT @username: Un nuovo segno per Eni http://t.co/xgivcAN3		]]></document>
	<document><![CDATA[Iniziamo bene la giornata: impara a scrivere in #italiano, o fottiti. http://t.co/nfD0BU5m		]]></document>
	<document><![CDATA[#AirPlay mirroring su Mac con Reflection, per vedere in tempo reale lo schermo di un dispositivo #iOS. http://t.co/44Iacpno @username		]]></document>
	<document><![CDATA[Giocare o vedersi filmati in #AirPlay mirroring è una #figatapazzesca. #sapevatelo #iOS #iPhone4S		]]></document>
	<document><![CDATA[La batteria tanto sottile da poter stare in una carta di credito. http://t.co/B7TJHcCZ via Gizmodo		]]></document>
	<document><![CDATA[Magari di #origami ne hai fatti a bizzeffe, ma ti sei mai chiesto chi è il loro più grande maestro? Akira Yoshizawa. #googledoodle		]]></document>
	<document><![CDATA[La chiavetta USB che si crede un hard disk. http://t.co/9kma7xRh Speranze in Italia? Al momento nessuna. #gadget http://t.co/DH48UDEV		]]></document>
	<document><![CDATA[È da un po' che non scrivo #seriamente su Twitter, un po' per mancanza di tempo, un po' per mancanza di voglia. It's time to restart!		]]></document>
	<document><![CDATA[È anche arrivata l'ora di rifarsi la #corporate come Dio comanda.		]]></document>
	<document><![CDATA[E ci sono giorni in cui qualsiasi #musica ti entra nelle orecchie diventa un piccolo film sulla tua vita. #makers12 #nowplaying		]]></document>
	<document><![CDATA[#HoImparato che la vita ti offre delle possibilità solo se le cerchi veramente.		]]></document>
	<document><![CDATA[#HoImparato che esprimere "un pensiero" non costa nulla: un pensiero ai 22 bambini morti nello schianto del pullman belga.		]]></document>
	<document><![CDATA[#Firenze, "una firma contro la droga??". Prima o poi si capirà a che serve? Ma un bell'arresto di gruppo no?		]]></document>
	<document><![CDATA[La mia Fiestina è tornata! Tutta bella senza graffi, lucidata e col nero gomme! #fuckyeah Speriamo non soffra di nuovo di vandalismi...		]]></document>
	<document><![CDATA[Ma è normale svegliarsi con la voglia di mettersi e crimpare cavi ethernet dico io? #LOL		]]></document>
	<document><![CDATA[A quanto pare secondo il trend di oggi #hobisognodi inserire l'hashtag #hobisognodi per stare al passo con i tempi.		]]></document>
	<document><![CDATA[#vergognaitalia, gli anni passano ma la storia rimane. Non dimentichiamoci di quello che è successo in #Abruzzo #occupylaquila @username		]]></document>
	<document><![CDATA["Svegliatevi! Sta arrivando l'Armageddon!" E non bastava il citofono di casa, ora pure per strada. #LOL  http://t.co/p3EdACrW		]]></document>
	<document><![CDATA[#Rechner: la calcolatrice più #minimal ed #elegante per iPhone che sia mai stata inventata. http://t.co/HpqLcK8u		]]></document>
	<document><![CDATA[@username In questo periodo è pensiero comune a tutti quelli che lavorano non perdendo tempo in inezie varie.		]]></document>
	<document><![CDATA[Per gli amanti dei mitici Pantone: "Pantone Tarts" by Emilie Guelpa http://t.co/w3hH3uHR via @username @username		]]></document>
	<document><![CDATA[È appena arrivato un enorme pacco di libri e sono sicuro che la cosa farà felice qualcuno!  http://t.co/ydZlX1m5		]]></document>
	<document><![CDATA[Troppi kernel panic e niente motivazioni rendono Gabriele un ragazzo incaz*ato. Capito #Mac?? (cit. #shining)		]]></document>
	<document><![CDATA[@username Bella bestiolina.		]]></document>
	<document><![CDATA[2 giorni dopo carrozzeria: casse che gracchiano e vernice rifinita male, ho le balle che mi girano a duemila! E scusate il francesismo...		]]></document>
	<document><![CDATA[#Febbre improvvisa a quasi 39'C nel giro di poche ore... eeeeh. E io che volevo uscire con @username. Ero sì debole!		]]></document>
	<document><![CDATA[Oh, certo che per avere 38,5'C di #febbre ho fame e mangio che è una meraviglia! #LOL		]]></document>
	<document><![CDATA[#iOS 5.1, #iPhone 4S » test batteria: utilizzo 6 ore e 15 minuti, standby 19 ore. E con questo dichiaro il caso chiuso. Thanks #Apple!		]]></document>
	<document><![CDATA[Il bello del #design? Trasformare oggetti di uso comune (e non) in piccole opere d'arte http://t.co/8AJIZRRX		]]></document>
	<document><![CDATA[@username Fammi toccare :D		]]></document>
	<document><![CDATA[@username No sai, col fatto che sono a casa con la febbre alta... meglio prevenire che curare! :)		]]></document>
	<document><![CDATA[Questo @username inizia a garbarmi una cifra! Se pò dì, sì? I remix che fa sono al 99% meglio degli originali. #nowplaying		]]></document>
	<document><![CDATA[@username Giustissimo.		]]></document>
	<document><![CDATA[#NonDareMaiPerScontatoChe tu sia in grado di conoscere tutto e tutti quando sai benissimo di conoscere ancor meno te stesso.		]]></document>
	<document><![CDATA[@username E per completezza: http://t.co/PQk2ny2W		]]></document>
	<document><![CDATA[Dopo mesi e mesi di bug con #Google+ mi sono rotto, adesso dico addio all'account su Plus e arrivederci e grazie. http://t.co/BKNcAnAc		]]></document>
	<document><![CDATA[#WhatsApp down a livello mondiale e la comunità di Twitter è la prima a renderlo noto. Altro che micro-blogging. #iPhone #Android		]]></document>
	<document><![CDATA[E #WhatsApp tornò online. Meno male, c'erano già i primi casi di suicidio. #scusesocial		]]></document>
	<document><![CDATA[Felice #Primavera a tutti!		]]></document>
	<document><![CDATA[@username Serve consiglio? Mi occupo anche di comunicazione.		]]></document>
	<document><![CDATA[Scorre il tuo tempo dove quello di altri si ferma. #giornodellapoesia		]]></document>
	<document><![CDATA[#Trenitalia, abbonamento di Aprile scontato presentando quello di Febbraio 2012 (causa neve). Per info: biglietterie. #pendolari #treno		]]></document>
	<document><![CDATA[Buongiorno! Solo per oggi 9 #App per Mac ribassate a 0,79€ l'una! http://t.co/OPtb8MoW #MAS #AppStore		]]></document>
	<document><![CDATA[#Photoshop #CS6 in installazione, sono proprio curioso di vedere com'è.		]]></document>
	<document><![CDATA[L'interfaccia di #Photoshop #CS6 si presenta veramente bene: pulita, elegante e minimal. http://t.co/vNVZfQci		]]></document>
	<document><![CDATA[Chiedo scusa pubblicamente per il tweet di alcuni giorni fa sui distributori automatici, poiché risultato offensivo per qualcuno. Scusatemi.		]]></document>
	<document><![CDATA[@username Quale segnalazione? Personalmente non vi ho segnalato niente.		]]></document>
	<document><![CDATA[@username Sbaglio o è da prendere al volo? Amazon » http://t.co/E3LP1i6v		]]></document>
	<document><![CDATA[Un buongiorno a tutti, una doccia e poi via pronti per questo frizzantino #weekend.		]]></document>
	<document><![CDATA[2º SSD acquistato, tanto per iniziare bene la settimana. Buongiorno #mattinieri!		]]></document>
	<document><![CDATA["Il suo ordine è stato cancellato. Il prodotto non è disponibile". Addio 2º #SSD... #tristezza		]]></document>
	<document><![CDATA[Lo credo che han cancellato l'ordine dell'#SSD: il prezzo non era 61€, ma 161€! #LOL		]]></document>
	<document><![CDATA[I benefici della banana | Sport e Nutrizione http://t.co/QZMbLiC7 via @username		]]></document>
	<document><![CDATA[#Amazon e gli acquisti scontati: da oggi le scarpe le compro lì! http://t.co/HjyqnWtp		]]></document>
	<document><![CDATA[@username Approvo e retwitto.		]]></document>
	<document><![CDATA[@username Secondo me ha i prezzi giusti. Imbarazzanti sono quelli degli altri!		]]></document>
	<document><![CDATA[Il mattino ha l'oro in bocca. http://t.co/7Gai3rr7		]]></document>
	<document><![CDATA[Problemi in mattinata per i #treni di #Pistoia-#Prato-#Firenze causa suicidio sui binari.		]]></document>
	<document><![CDATA[@username Si fa quel che si può :) Mi manca 1 numero da mezz'ora...vedi te.		]]></document>
	<document><![CDATA[#Poste: missione compiuta. 3 numeri in mezz'ora...		]]></document>
	<document><![CDATA[E questo è il degrado a cui #Prato, Via Rubieri, è sottoposta tutti i giorni. VERGOGNA Comune di Prato! #vergognaitalia http://t.co/O3VG6eGx		]]></document>
	<document><![CDATA[Quest'oggi Google ci ricorda la nascita di Mies van der Rohe, uno dei geni dell'architettura mondiale. #doodle http://t.co/WCPAiPho		]]></document>
	<document><![CDATA[@username Allora non c'ero solo io a volermi rovinare la giornata! :)		]]></document>
	<document><![CDATA[@username Lo spero per te.		]]></document>
	<document><![CDATA[@username Già, ma qui siamo in piena città e le vie intorno hanno la differenziata, così chi non differenzia (chiunque) "cestina" da noi.		]]></document>
	<document><![CDATA[Uscire di casa e sentirsi pieni di vita. Che sia la #Primavera?		]]></document>
	<document><![CDATA[Questa è stupenda: "Complicare è facile. Semplificare è difficile", cit. Bruno #Munari		]]></document>
	<document><![CDATA[Temo che per qualsiasi Graphic #designer possa diventare una droga: Handpresso, una vera macchina da #caffè per auto. http://t.co/MURwqYZN		]]></document>
	<document><![CDATA[In questi giorni mi sento un vero e proprio "divoratore di #libri"! #credeteci		]]></document>
	<document><![CDATA[Si prospetta una luuunga mattinata... che fame ragazzi! http://t.co/yl8NpnlG		]]></document>
</author>