<?xml version="1.0" encoding="UTF-8" standalone="no"?><author id="3f33b755-47f9-4aae-9649-ab0b8feca72a" lang="es">
	<document><![CDATA[@username Me tiro media hora buscando el filtro perfecto para aplicarlo. Luego pasa que no lo acabo poniendo. Sí, es muy triste.		]]></document>
	<document><![CDATA[@username Primer piropo en muchas semanas… :’D		]]></document>
	<document><![CDATA[Si Linkin Park se hubiera creado en Madrid, serían Retiro Park.

Pegadme.		]]></document>
	<document><![CDATA[@username ¿Parque de jubilación? xDDDDDDD		]]></document>
	<document><![CDATA[8 RTs, 8 personas que me van a pegar.		]]></document>
	<document><![CDATA[¿Me podéis ayudar a buscar un tema para un trabajo de alguna disciplina que se pueda estudiar desde un punto de vista interdisciplinar?		]]></document>
	<document><![CDATA[ay qué angustia tengo con el tema de las narices que no sé ni qué escoger ni cómo explicarlo en pocas palabras xDDDDDD		]]></document>
	<document><![CDATA[Y así es como me enamoro de Madrid.		]]></document>
	<document><![CDATA[Buenas noches.		]]></document>
	<document><![CDATA[Buenos días.		]]></document>
	<document><![CDATA[En vez de hacer estas polladas, podríais actualizar la app a Material Design o algo, cacho perros. http://t.co/j7r0EI5bRh		]]></document>
	<document><![CDATA[@username Una pregunta, ¿tu profesor de Corpus es Lázaro?		]]></document>
	<document><![CDATA[Fuentes fiables me confirman que mis Xiaomi Piston 2 han llegado a mi casa :'DDDD		]]></document>
	<document><![CDATA[E infiero que la Mi Powerbank también.		]]></document>
	<document><![CDATA[Anda, Telegram tenía eso desde hace ya muchísimo tiempo xD @username		]]></document>
	<document><![CDATA[@username Como WhatsApp no quiere quedarse por detrás de Telegram... xD		]]></document>
	<document><![CDATA[@username Y te quejas cuando a mí nadie me preguntaba ;_____;		]]></document>
	<document><![CDATA[#EstoEsTradición: cuando estás a 1 seguidor de conseguir una nueva centena de seguidores, medio planeta, la vida y Vishnu te hacen unfollow.		]]></document>
	<document><![CDATA[ESPAÑA ESTÁ AQUÍ. #VineIberico #VineEspañol #España #Spain #Bandas #EspañaEstáEnEuropa #EspañaExiste https://t.co/BdUic15MGR		]]></document>
	<document><![CDATA[@username Lo siento muchísimo, mis condolencias. Os acompaño en el sentimiento.		]]></document>
	<document><![CDATA[Oye, pues ya he conseguido mis primeros 50 bucles. No está mal xDDDD		]]></document>
	<document><![CDATA[Me voy a hacer viner o algo xD		]]></document>
	<document><![CDATA[@username Lo peor es que la gente se ríe.

DÓNDE ESTÁ LA GRACIA *D: dramática*		]]></document>
	<document><![CDATA[@username tio, que arcor		]]></document>
	<document><![CDATA[A los 1200 no llego xd #inyistisia #vine #twitter #vineyustisia #muertealosunfollowers #vineiberico https://t.co/PzM5hqhmph		]]></document>
	<document><![CDATA[@username Vale que se le adelante a muchas cosas, pero tanto como predecir el futuro...		]]></document>
	<document><![CDATA[Telegram con Material Design y yo sin poder aprovecharlo porque nadie me habla por ahí ;____;		]]></document>
	<document><![CDATA[@username ya tengo mis Piston 2. Son la hostia, aunque los botos les cuesta un poquito reaccionar.		]]></document>
	<document><![CDATA[@username ¿qué opinas de alguien que se ha visto TODOS tus vines, desde el primero hasta el último contando también revines?		]]></document>
	<document><![CDATA[@username Es para un amigo.		]]></document>
	<document><![CDATA[Oye, pues para empezar en Vine con 3 seguidores más y 244 loops no está mal :D

http://t.co/HRU9rCWg3g		]]></document>
	<document><![CDATA[Fangirlead todo lo que queráis, pero en SILENCIO.		]]></document>
	<document><![CDATA[@username Bueno, si has puesto algo, no lo he visto. Tampoco lo voy a mirar porque el martes que viene lo voy a ver Y NO xD		]]></document>
	<document><![CDATA[@username Es que desde En Llamas estoy con la intriga y ese hype por ver Sinsajo...		]]></document>
	<document><![CDATA[@username Qué bien me conoces. Me quedé por... no sé, cuando estaban en el tren yendo al Capitolio en Los Juegos del Hambre.		]]></document>
	<document><![CDATA[@username Yo digo de mudarse todo el mundo a Telegram, pero como la gente es reacia a eso... xD		]]></document>
	<document><![CDATA[Cuando llega la época de trabajos y exámenes. http://t.co/LRbr1ZrDLo		]]></document>
	<document><![CDATA[Quiero vivir en Madrid ya.		]]></document>
	<document><![CDATA[Buenas noches.		]]></document>
	<document><![CDATA[Vecinas que ponen canciones metal a toda hostia como “Como una ola – Rocío Jurado”.		]]></document>
	<document><![CDATA[Y eso, que buenos días.		]]></document>
	<document><![CDATA[Niñas de 12 años con cuenta de Twitter. Yo con 12 años salía a jugar con otros niños, no me jodas.		]]></document>
	<document><![CDATA[A este paso, mi hermana que tiene 9 años se va a hacer Twitter de aquí a un par de meses.		]]></document>
	<document><![CDATA[Todavía estoy esperando el día en que nadie de mi familia acabe dando golpes por toda la casa.		]]></document>
	<document><![CDATA[Mentes criminales y los asesinatos en Galicia xD		]]></document>
	<document><![CDATA[Y YO A @username. Esto es una injusticia ;___;		]]></document>
	<document><![CDATA[Parece que su hobby favorito es tocar los cojones a los demás.		]]></document>
	<document><![CDATA[Estoy por irme a Madrid a dar una vuelta. Todo sea por no soportar a estos energúmenos.		]]></document>
	<document><![CDATA[Dignos de admirar. "El Rayo Vallecano pagará un alquiler a la mujer desahuciada de 85 años http://t.co/UpnnkEZah4 vía @username"		]]></document>
	<document><![CDATA[Después de una sesionzaca de Photoshop… VOY A CENAR.		]]></document>
	<document><![CDATA[Una de las cosas que quería estudiar en la universidad era Diseño Gráfico, pero la carrera era muy cara.		]]></document>
	<document><![CDATA[@username Es lo que tiene acabar de levantarse.		]]></document>
	<document><![CDATA[Hoy he soñado que me había encontrado a Chester en el metro de Madrid y le había dado un abrazo xDDDDDDD		]]></document>
	<document><![CDATA[ME DA LA RISA JAJAJAJAJAJAJA "OneDirection implicados en un posible maltrato animal -- Qué.es -- http://t.co/PTlUf3oyZ7"		]]></document>
	<document><![CDATA[@username Qué envidia, jo. Disfruta y pásatelo genial :'D		]]></document>
	<document><![CDATA[Cuando publico un post en Facebook y nadie le da a like #Facebook #Decepción #VineIbérico #VineEspaña #lloran2 https://t.co/864zH3n30x		]]></document>
	<document><![CDATA[@username JAJAJAJA es que me aburría y dije "venga, me voy a poner a hacer un Vine" xDDDDD		]]></document>
	<document><![CDATA[Acabo de pasar los 500 loops en Vine. SOY TODO UN VINESTAR xD		]]></document>
	<document><![CDATA[@username Detectado y verificado xDDDDDD		]]></document>
	<document><![CDATA[Mucho "me río de vosotros por ser iguales" hasta que pasa esto xDDDDD http://t.co/ssehuq2EvN		]]></document>
	<document><![CDATA[@username Como la batamanta xD		]]></document>
	<document><![CDATA[Muy Sweeney Todd, ¿no? xD "Asesinan a dos mujeres y utilizan los cadáveres para empanadillas - La Razón digital: http://t.co/WQkwWEQlKj"		]]></document>
	<document><![CDATA[@username Cuando he visto que utilizan los cadáveres para empanadillas, inevitablemente he pensado en Sweeney Todd xDDDDD		]]></document>
	<document><![CDATA[@username JAJAJAJAJAJAJAJAJA mientras le da una botella de tequila xD		]]></document>
	<document><![CDATA[A mí no se me pueden enseñar películas porque ahí ni se me toma en serio a mí ni a la película. Luego hago chistes todo el rato xDDDDDDDDDDD		]]></document>
	<document><![CDATA[Pa’ una vez que me dispongo a jugar a Just Dance, la gente entra en mi habitación a hacer el gilipollas.		]]></document>
	<document><![CDATA[Si oís algún grito allá a lo lejos, no os preocupéis, soy yo hasta los cojones de muchas cosas.		]]></document>
	<document><![CDATA[Me ha gustado un vídeo de @username de @username (http://t.co/gA6kQEGFME - EL FESTIVAL DE TOMORDORLAND).		]]></document>
	<document><![CDATA[Con el último vídeo de Auron, mi nivel de tolerancia hacia las cosas disminuye por momentos.		]]></document>
	<document><![CDATA[¿#chorizolenteja? ¿Qué narices es eso?		]]></document>
	<document><![CDATA[@username ¿Por qué me da que voy a expulsar fluidos de mi cuerpo? ;___;		]]></document>
	<document><![CDATA[@username lloro por no haber presenciado eso xD		]]></document>
	<document><![CDATA[@username También :'(		]]></document>
	<document><![CDATA[@username Yo estoy deseando cometer un delito para irme a esa cárcel.		]]></document>
	<document><![CDATA[De esto que sales a dar una vuelta y acabas andando casi tres horas sin parar. http://t.co/efN1H0kchg		]]></document>
	<document><![CDATA[Mira, haced lo que queráis. Ya me están dando igual vuestros spoilers. Voy a ver la película igualmente...		]]></document>
	<document><![CDATA[He ahí mi drama: quiero cenar pero no tengo ganas de moverme...

¿quién me hace la cena?		]]></document>
	<document><![CDATA[Ahora es cuando hago mi propia versión de Los Juegos del Hambre xD		]]></document>
	<document><![CDATA[Mucho antisistema poniendo "x" para señalar el plural genérico, pero seguís usando el imperativo con -r.

VERGÜENZA OS TENDRÍA QUE DAR.		]]></document>
	<document><![CDATA[Buenas noches. http://t.co/UQUkU8RgAQ		]]></document>
	<document><![CDATA[Buenos días. POR FIN ME HA LLEGADO LA POWERBANK DE XIAOMI.		]]></document>
	<document><![CDATA[El HP Stream es precioso, oye...		]]></document>
	<document><![CDATA[@username qué bonito, cómo ha rimado, te ha salido un pareado xD		]]></document>
	<document><![CDATA[@username tuuuu, por fin me ha llegado el Mi Powerbank		]]></document>
	<document><![CDATA[@username Es muy bonito, aunque la textura me da un poquillo de cosa (pero es acostumbrarse xDDDD)		]]></document>
	<document><![CDATA[@username Está genial. Si no tienes nada que hacer y algún día sales a dar una vuelta (si no tienes que estudiar) te lo enseño.		]]></document>
	<document><![CDATA[@username Pues por ejemplo. Encima tengo que sacar dinero...		]]></document>
	<document><![CDATA[@username Así que guay. Cuando me digas, salimos. Yo podré en cualquier momento.		]]></document>
	<document><![CDATA[@username Siempre puedes ver algún video de cómo era ella antes de ser Lady Gaga https://t.co/PjRsTegdMd		]]></document>
	<document><![CDATA[Tío, si me los vais a insultar, al menos ponedme bien "LADRONES" y no "LADROMES". http://t.co/2c3qoCzDrY		]]></document>
	<document><![CDATA[Es gracioso porque encima está subrayado tres veces como diciendo EH, QUE ESTO ES IMPORTANTE.		]]></document>
	<document><![CDATA[Trasladar el Senado y el Tribunal Constitucional a Barcelona, y además, nombrarlo COCAPITAL de España.		]]></document>
	<document><![CDATA[@username La noticia no es fake, por lo que estoy leyendo están estudiando esa propuesta.		]]></document>
	<document><![CDATA[Debería haber nacido en Londres, desde luego. http://t.co/I5qwzIE0Pw		]]></document>
	<document><![CDATA[@username Has puesto que te gusta Pikachu, ¿no? xD		]]></document>
	<document><![CDATA[Todos los días son así. No podía imaginarlo cuando vine aquí. Solo buscaba algo de paz...		]]></document>
	<document><![CDATA[8x08 de TBBT: mi cara después de algo que ha dicho Sheldon pero que no voy a poner por no hacer spoiler. http://t.co/Js2bj0eCHW		]]></document>
	<document><![CDATA[Tíiiiiiiio, voy a llorar. Un mongolo me acaba de ofender llamándome "marica".

OHHHH voy a cortarme las venas...		]]></document>
	<document><![CDATA[Me acaba de saltar una lágrima de la emoción y todo...		]]></document>
	<document><![CDATA[No consigo asimilar el capítulo.		]]></document>
</author>