<?xml version="1.0" encoding="UTF-8" standalone="no"?><author id="6b957c79-0517-48f4-b807-0acd50f057b5" lang="es">
	<document><![CDATA[@username no, yo no hacía dramas! Yo era popular hehehehehe :)		]]></document>
	<document><![CDATA[El trash look aplicado en Panamá http://t.co/a6cejgbo		]]></document>
	<document><![CDATA[El post del día, when in doubt wear flowers http://t.co/CGeIIr4M		]]></document>
	<document><![CDATA[Sí no tienen nada que hacer lee! http://t.co/WW7Gw5nO		]]></document>
	<document><![CDATA[algo para leér ... el trash look para visitar uno de los hot spots de Panamá @username http://t.co/a6cejgbo		]]></document>
	<document><![CDATA[El pantalón  que causó una revolución entre los regetoneros http://t.co/M3TqAFkG (el post del día)		]]></document>
	<document><![CDATA[Para visitar @username decidí utilizar mi trash look http://t.co/a6cejgbo		]]></document>
	<document><![CDATA[@username siiiiiii reduces medidas y disminuye la grasa o eso me dijeron! Ósea un amigo de un amigo ;)		]]></document>
	<document><![CDATA[El look del adiós Panamá http://t.co/6ecrc6dJ		]]></document>
	<document><![CDATA[Yo opino que lean mi blog antes de empezar el día http://t.co/RtlBCFYh con un look del adiós		]]></document>
	<document><![CDATA[Nos volvemos a ver Puebla de los Ángeles (@username Terminal Autobuses ORO) http://t.co/RJw3gnb2		]]></document>
	<document><![CDATA[Reunión para promo iiiiiiii (@username VWBank) http://t.co/B5w9OLsp		]]></document>
	<document><![CDATA[Ahhh pues ya de regreso (@username San Miguel Xoxtla) http://t.co/lW3SCieo		]]></document>
	<document><![CDATA[En el episodio de hoy, trabajando desde un autobús http://t.co/ui4T3luH		]]></document>
	<document><![CDATA["@username: En Roma el #anillo denotaba poder, seguridad y estatus social."		]]></document>
	<document><![CDATA["@username: "@username: Si eres una chica pequeña, Alex15a20 te dice cómo armar un buen outfit. #15a20 http://t.co/kMwao4DH" *-*		]]></document>
	<document><![CDATA[Arriba el sol y abajo el valle de México  @username En Medio De La Nada http://t.co/rJ52Rn7s		]]></document>
	<document><![CDATA[Típico que sabes que estas en una relación con tú smart phone, cuando es el único que te acompaña a todas partes >_<!		]]></document>
	<document><![CDATA[@username Gracias!!! :D		]]></document>
	<document><![CDATA[el post de hoy! la mode ilustre me engaño http://t.co/8YBdHV75		]]></document>
	<document><![CDATA[el post de hoy!  http://t.co/8YBdHV75 gracias @username		]]></document>
	<document><![CDATA[el post del día!!! http://t.co/8YBdHV75 cuando la mode ilustre te engaña! :D		]]></document>
	<document><![CDATA[La maqueta humana http://t.co/W7zy3KSo		]]></document>
	<document><![CDATA[el post de hoy! http://t.co/8YBdHV75 recordando como andar en bici :O		]]></document>
	<document><![CDATA[Cuando sea famoso yo sí saldré en Fashion Police y en Chelsea lately		]]></document>
	<document><![CDATA[La nueva entrada en mi blog XOXO http://t.co/W8o5JBSO		]]></document>
	<document><![CDATA[XOXO y Jane Austen en el post de hoy! http://t.co/W8o5JBSO		]]></document>
	<document><![CDATA["@username: El cañon del sumidero: una falla llena de vida http://t.co/rhHCnhzK" Ahhhh mi pueblo! Tan bonito		]]></document>
	<document><![CDATA[Regalos de cierta tienda que soy fan http://t.co/q5EFdKKi		]]></document>
	<document><![CDATA[Casual en el cumple de @username con @username @username @username :)		]]></document>
	<document><![CDATA[De la serie escaleras  @username Col. San Rafael http://t.co/CtlbLfaZ		]]></document>
	<document><![CDATA[¿qué tal sí terminan la mañana leyendo? http://t.co/W8o5JBSO		]]></document>
	<document><![CDATA[Si quieres teñir un suéter @username te dice como! http://t.co/uionBJAf		]]></document>
	<document><![CDATA[Hoy el rojo alegró mi día http://t.co/X5Cpdrdg		]]></document>
	<document><![CDATA[Y en el retrato de hoy: les presumo mi nariz grande http://t.co/AyNwF6q7		]]></document>
	<document><![CDATA[Quiero tener un programa en MTV algo así como Plain Jane Latinoamérica, para ayudar a qué la gente aburrida se vea mejor :)		]]></document>
	<document><![CDATA[¿qué edad tendrías sí no supieras tu edad? 257 años @username		]]></document>
	<document><![CDATA["@username: Ya están listos para nuestra 8va edición? #MagnumIDM este martes revelaremos muchas sorpresas" :O		]]></document>
	<document><![CDATA["@username: Julie Stiles se bañó con downy o porque tan esponjosita?????! #sagawards http://t.co/ljL8Mlt2" pop como palomita		]]></document>
	<document><![CDATA[Para aquellos que quieren leer antes de dormir http://t.co/RtlBCFYh		]]></document>
	<document><![CDATA[Casual desayunado paletas en #magnumIDM con @username @username @username		]]></document>
	<document><![CDATA[Y así arranca el #MagnumIDM http://t.co/GH8iMj4k		]]></document>
	<document><![CDATA[Feliz cumpleaños a mi amiga @username que me da los mejores consejos y es la madrina de mi Trompi		]]></document>
	<document><![CDATA[De cuando te imaginas hacer "Plain Joe" http://t.co/8AGQKMYc		]]></document>
	<document><![CDATA[Sí quieren pueden leer mi blog http://t.co/RtlBCFYh sólo sí quieren ehhhhhhhhh		]]></document>
	<document><![CDATA[Aún recuerdo cuando tenía así mi cabello!! waaaaaaaaa http://t.co/oF30SS0s		]]></document>
	<document><![CDATA["@username: Bien, ahora quiero sol, alberquita, un whisky en las rocas y musiquita... ????" me invitas		]]></document>
	<document><![CDATA[Y que me llega el chisme que mañana #febrero1filtermx tiene una super sorpresa, dicen que muy buena, veremos que tal!		]]></document>
	<document><![CDATA["@username: Gracias a todos por twittear que ya es febrero. Yo pensaba que era mayo." lol		]]></document>
	<document><![CDATA[@username peloteando ideas para su próxima campaña  http://t.co/fySTNQTb		]]></document>
	<document><![CDATA[Típico que vienes a Grey Group y te ves un pelín overdress		]]></document>
	<document><![CDATA[No se confundan, yo soy como Mary Poppins cuando me quieren me voy.		]]></document>
	<document><![CDATA[De esas veces en que no me reconocen en la vida real, porque mis fotos tienen mucho photoshop		]]></document>
	<document><![CDATA[en que momento aparece una playera de cornetto en casa y no es de nadie! its the curse! http://t.co/YlzGAdHs		]]></document>
	<document><![CDATA[San Judas en tamaño real http://t.co/4JH74SAE		]]></document>
	<document><![CDATA[Desayunirri con @username tema principal tecnología y superbowl (shes such a dude) (@username Sanborns) http://t.co/xJQUQ4SJ		]]></document>
	<document><![CDATA[A 6 días de mi cumple me llega el Fat Girl Six Pack de @username (el primero en México) las ventajas de mi trabajo!!!		]]></document>
	<document><![CDATA[Amo ver plain Jane, una revolcada en maquillaje y ya lista!! Quieren ver? http://t.co/RtlBCFYh		]]></document>
	<document><![CDATA[Otra cosa nueva en mi lista, concierto de Luismi :O (at @username w/ 146 others) http://t.co/HkgJhzMP		]]></document>
	<document><![CDATA[Mi espejo me dijo, que necesito que me arreglen la nariz, lipo de mejillas y dieta forzosa. Le creeré,el no miente.		]]></document>
	<document><![CDATA["@username: "Ámalo, pero no lo necesites." - Marilyn Monroe." principal mantra		]]></document>
	<document><![CDATA[Modernidad Mexicana @username Reforma 222 http://t.co/xEldPHFc		]]></document>
	<document><![CDATA["@username: Me encanta la tranquilidad con la que mi abuela habla de su muerte y su funeral." tú abuela y yo tenemos eso en común.		]]></document>
	<document><![CDATA[Amén la forma en que que mi hermana me explicó el fútbol americano, diseñador-tendencia-vogue-h&m (donde h&m es el touchdown) :D		]]></document>
	<document><![CDATA[En los 90's Abelardo hangueaba con Ilse, Mayagoitia y una muchachita http://t.co/HBTeLLwB		]]></document>
	<document><![CDATA[Diga lo que diga @username la Michelle sí es sexy, la Beyoncé que!		]]></document>
	<document><![CDATA[@username Ahhh sorry Grey México :P asumo que los creativos de Madrid y Barcelona se visten mejor lol		]]></document>
	<document><![CDATA["@username: Entre recetas, ropa, belleza y DIY te veas, http://t.co/vftzKMp7 :)" :O a leer		]]></document>
	<document><![CDATA[Típico prender la tele y está mean girls, es un don que tengo!		]]></document>
	<document><![CDATA[Espero que @username recuerde este 14 de febrero dedicarme una de Dusty Springfield #foreverandeveralone		]]></document>
	<document><![CDATA[Ahhh que emoción el lanzamiento de @username  #fatgirlsixpack es hoy en @username :)		]]></document>
	<document><![CDATA[El post de hoy! http://t.co/SXRRhCM0		]]></document>
	<document><![CDATA[Listos para el lanzamiento de #fatgirlsixpack de @username http://t.co/HGP01nY1		]]></document>
	<document><![CDATA[Para que lean un rato http://t.co/SXRRhCM0		]]></document>
	<document><![CDATA[El típico pastel de godinez para el cumpleaños >_<! http://t.co/Ovj6NARb		]]></document>
	<document><![CDATA[mi regalo de cumpleaños por @username luv it!!!!! http://t.co/rd7Hj9nB		]]></document>
	<document><![CDATA[Desde NY a mi abdomen #fatgirlsixpack de @username  http://t.co/GLv3Nv6i		]]></document>
	<document><![CDATA[A los 28 debo de llegar con el abdomen marcado!!! http://t.co/H0gPmmMy		]]></document>
	<document><![CDATA[El sonsacador de Carlos, que me invita un tinto de verano en pleno invierno. @username 100 Montaditos http://t.co/qETSeYEy		]]></document>
	<document><![CDATA[En medio http://t.co/lREjdp1t		]]></document>
	<document><![CDATA[inicio de mi relación perpetua  http://t.co/D7E051hA		]]></document>
	<document><![CDATA[a la mitad del camino  http://t.co/TXvDb3Gh		]]></document>
	<document><![CDATA[y al final  http://t.co/RsZkQ41P		]]></document>
	<document><![CDATA["@username: -Mamá, ¿soy fea? -Pregúntale a tu novio - ¿Qué novio? -Exacto - :(" como yo!!!		]]></document>
	<document><![CDATA["@username: RT @username: Un comercial (vídeo de arte)  sobre ropa que se mofa de los #hipsters  http://t.co/lTz2AU6t" buenísimo		]]></document>
	<document><![CDATA[En Tuxtla Gutiérrez, Chiapas, es tradición que un día antes de tú cumpleaños te "coronen" con flores, mi… http://t.co/6OLvwi7L		]]></document>
	<document><![CDATA[Bolsa y zapatos a juego, por mi cumpleaños gracias @username http://t.co/0pJ2O7I9		]]></document>
	<document><![CDATA[En definitiva lo mejor de "Ana Karenina" (la peli) es el vestuario, lo demás no tiene pies ni cabeza.		]]></document>
	<document><![CDATA[Dice ileana_deuriarte que cuando muera así me veré http://t.co/8CQLliyi		]]></document>
	<document><![CDATA[A mi me parece el circo de la vida http://t.co/a4n6jypo		]]></document>
	<document><![CDATA[Los días como hoy me recuerdan mucho a Guadalajara, España. Viento, calorcito y algo rico en el aire.		]]></document>
	<document><![CDATA["@username: Siempre es tan perfecta Kristen Dunst" sí que lo es		]]></document>
	<document><![CDATA[Ya lo puse de cabeza y le quité al niño, espero y funcione. @username Alex's Nest http://t.co/h92EKYWs		]]></document>
	<document><![CDATA[Salen en 3 revistas y se juran PR's		]]></document>
	<document><![CDATA[Lean mi blog http://t.co/CwKKCPwo con mi super look de cumpleaños cc @username @username		]]></document>
	<document><![CDATA[Típico en junta: "pues sí trabajo toda la noche y te lo entrego" y que creen que yo no trabajo toda la noche, estas ojeras no son gratis!!		]]></document>
	<document><![CDATA[Me regaló chocolates!!! @username LithiumPR México http://t.co/xHuInD8W		]]></document>
	<document><![CDATA[Repetición por Pedro Friedeberg @username LithiumPR México http://t.co/kCfaS0uK		]]></document>
	<document><![CDATA[Está gripe me dejó una voz, como sí la testosterona sí hubiera llegado completa en mi gestación		]]></document>
	<document><![CDATA[El post de hoy, de cuando me tatue http://t.co/CwKKCPwo		]]></document>
</author>