<?xml version="1.0" encoding="UTF-8" standalone="no"?><author id="9bd4ea72-6275-4e22-be3f-1348f2d4a119" lang="es">
	<document><![CDATA[@username el Bertomeu s'ha fet un embolic quan li demanen qui es casta a Catalunya!		]]></document>
	<document><![CDATA[@username el Bertomeu no te substància. Si aquest es l'actiu de Podem ... Malament esta la política quan aquests personatges suren!		]]></document>
	<document><![CDATA[@username a veure, Franco, ...fes la pregunta!		]]></document>
	<document><![CDATA[@username el Bertomeu justifica indefinició x q son de nou encuny ... Diu que no tenen les solucions ...confien en la participació....!		]]></document>
	<document><![CDATA[@username Bertomeu diu que tindran programa ...si parla en futur, perquè son de POdemos? En base a quin programa?		]]></document>
	<document><![CDATA[“@username: #pagaLara i el seu imperi al servei de les clavegueres de l’estat per avortar el procés independentista http://t.co/DH8SVKBUu5”????????		]]></document>
	<document><![CDATA[@username podemos es un bluf! Rasques-pel damunt- i no trobes res. No els comparem amb els grecs!		]]></document>
	<document><![CDATA[@username sap mes la Coppulo de Podemos que els de Podem		]]></document>
	<document><![CDATA[@username el Bertomeu ... evasiu amb el dèficit fiscal català. Aclaridor!! ???????? qui els votarà? Desorientats que no han votat abans		]]></document>
	<document><![CDATA[@username qui es l'esquerra de "la casta"?Problema semàntic: la casta té una 'esquerra'? Es un bolet tipus amanida phalloides, però no+		]]></document>
	<document><![CDATA[@username tertulians elucubrant sobre Podemos ... Alimentant la bèstia! Passem!		]]></document>
	<document><![CDATA[@username la tertulia s'anima parlant de la recuperació econòmica de les Espanyes! Tots s'animen ... Què fàcil!		]]></document>
	<document><![CDATA[@username Senyors, els diccionaris son una enganyifa! Els ho diu una lingüista ...que n'ha fet algun. Millor Wikipedia,		]]></document>
	<document><![CDATA[“@username: Mas ja pensa una llista pròpia

http://t.co/8yTxxzryTa http://t.co/HpACxU57wM” aquí n'hi ha una que la votarà!!????????????????????????????????????????????????		]]></document>
	<document><![CDATA[“@username: Felipe González fue quien bloqueó la querella de Banca Catalana contra Pujol #L6Nbipartidismo”
Es història. Passo! +futur		]]></document>
	<document><![CDATA[Sempre he pensat que emocionant va ser arribar al golf de Roses amb la primera nau ...		]]></document>
	<document><![CDATA[“@username:Arrufat diu q Mas pretén guanyar temps x refer l'espai nacionalista conservador-No anem bé->Pensava k la CUP era+intel·ligent		]]></document>
	<document><![CDATA[“@username: Perdón por ser valencianos.
#apartheid
#autoodio
.@username http://t.co/9IujQCs0UR”
>els valencians s'ho han de fer mirar		]]></document>
	<document><![CDATA[“@username:Marc Bertomeu, repres. de PodemosBarcelona, es hijo de la casta. ->el 'nen' els ha sortit 'revolucionari' dins de l'ordre burgès		]]></document>
	<document><![CDATA[Soledad Gallego-Díaz: “Podem és alguna cosa més profunda que l’enrabiada” @username en el páramo español cualquier cosa es una esperanza ...		]]></document>
	<document><![CDATA[“@username: El Pais diu que hi ha delictes en TOTS els partits, pero la Foto es de CDC amb Oriol Pujol _>> Mira el teu àlbum de fotos!		]]></document>
	<document><![CDATA[“@username:La carnisseria http://t.co/M5ieAidxa6 @username @username 
Doncs jo crec què la evolució nacional de CDC no té marxa enrera...”????		]]></document>
	<document><![CDATA[@username @username @username la idea es de Pascal		]]></document>
	<document><![CDATA[@username pronto haremos santo a ese Iglesias! Que bueno que es!		]]></document>
	<document><![CDATA[@username @username @username tota la raó, el més fort és qui cedeix!		]]></document>
	<document><![CDATA[“@username:P. Iglesias muestra su apoyo a los enfermos de hepatitis C http://t.co/0CWW6pcKTJ http://t.co/HbS7ZIswWP” este va de Dios!		]]></document>
	<document><![CDATA[“@username: #QuieroContarQue Para los grandes partidos, carbón. #lepidoalosreyes http://t.co/VAGdBrAg2J” y para el tal Iglesias, también		]]></document>
	<document><![CDATA[“@username:De tot diem crisi quan en maj. de casos és transició a canvi o canvis,excepte quan afecte a la vida de les persones"De què vas?		]]></document>
	<document><![CDATA[“@username: La junta del Barça es descompon http://t.co/p6WYgBsNOI”eleccions i nova junta! Vinga, fem- ho tot nou!		]]></document>
	<document><![CDATA[“@username:Sr.Mas,convoqui eleccions d'una vegada!El 9N va ser un heroi pel poble,no acabi sent un traïdor pel mateix poble!”tranquil!		]]></document>
	<document><![CDATA[“@username: Me falta mes a final de sueldo.” Per fer un recull de tuits-poema!		]]></document>
	<document><![CDATA[“@username: @username @username @username @username @username. El procés te molts "cancers" i la quimioterapia te el seu temps.” ????		]]></document>
	<document><![CDATA[“@username:El Ejército quiere abrir un museo militar en Barcelona para no dejar al margena Catalunya."Volem ser marginats de l'excèrcit!		]]></document>
	<document><![CDATA[“@username: Tortell amb dues faves.”espero que no sigui premonitori del que serà el 2015!!!!		]]></document>
	<document><![CDATA[“@username: El que faltava....
Eleccions ja si us plau! http://t.co/4NIP2MmbNB” siiiiiiiiiiiii, per favor! No els aguanto!		]]></document>
	<document><![CDATA[“@username:De jaquetes fantasia a honorables celebracions,per Mª JosepOrtega http://t.co/u3JA58g5jp http://t.co/cIdqWC9pg0”caspa en estat pur		]]></document>
	<document><![CDATA[“@username: via @username L'Exèrcit vol un museu a Barcelona per acostar la seva tasca als catalans" estan bojos, aquests espanyols!		]]></document>
	<document><![CDATA[“@username: Propera inaguració del Museo militar español a Barcelona. http://t.co/92PyGoGmLz” no hi ha paraules ...tots són nens.		]]></document>
	<document><![CDATA[Que passa que no es pot baixar el podcast de la tertulia i l'entrevista de els matins a TV3? https://t.co/JnQHsHAPwb		]]></document>
	<document><![CDATA[@username @username @username @username @username @username @username Lluitador,cal aguantar i mantenir el tipus! No defallim!		]]></document>
	<document><![CDATA[“@username: no és política! Si els interessos partidistes passen p davant de Catalunya són interessos @username @username"  crec k es + x @username		]]></document>
	<document><![CDATA[@username @username  chico, necesitas ir al psiquiatra. Cuanta mala leche!		]]></document>
	<document><![CDATA[“@username: @username @username @username és que penso votar algun altre, JAENSHANFOTUTPROU aquest parell!!” Jo, no. Penso que mas ho fa be		]]></document>
	<document><![CDATA[“@username: Tossal d Suró. Cabana
http://t.co/studSvypRo
@username @username ~>> Segarra= la meva infància, la meva pàtria!		]]></document>
	<document><![CDATA[“@username:Confesso que em vaig arribar a creure Mas." que t'ha fet canviar d'opinió? que ha fet? Tractar d'arribar a acords es dolent?		]]></document>
	<document><![CDATA[“@username:Quan dijous diguin que no hi han eleccions fins d'aquí molts mesos ja cal que anem buscant algun tema per parlar a Twitter.”????????????		]]></document>
	<document><![CDATA[“@username: @username @username Sera lo mismo , però ningun ... " y la inquisición? Y los palestinos?		]]></document>
	<document><![CDATA[“@username: No faré cap tweet polític fins a escoltar el president aquesta setmana. Recomano a tothom fer el mateix. La resta és soroll.”????		]]></document>
	<document><![CDATA[“@username: @username @username Al final ens haurem de transformar en partit i guanyar la independència, Carme!!!!!” ????		]]></document>
	<document><![CDATA[“@username: En Mas imposa una llista conjunta que nomes ell vol, @username @username” no has entès res!		]]></document>
	<document><![CDATA[“@username: Per les declaracions que ha fet el president Mas avui a Girona, crec que tindrem eleccions abans del Març! ;)” segur que si!  ???		]]></document>
	<document><![CDATA[“@username:CIU ha engegat la maquinària d'opinòlegs x aturar el procés independentista mitjançant el discurs pessimista" no m'ho crec!		]]></document>
	<document><![CDATA[“@username: Hi ha un anunci de presentadors de TV3 que em pensava que parlaven de mi.” Així m'agrada, leo, bon rotllo i bon humor! Gràcies!		]]></document>
	<document><![CDATA[“@username:@username Ui sí.A la tardor sí,ara no,que no toca perquè ho diu el President que és l'únic que en sap"encara no ha dit res!		]]></document>
	<document><![CDATA[“@username:ens han donat un os per anar rosegant,els acords amb aquestes circunstàncies són poc fiables.”No siguis malpensat.A pencar!		]]></document>
	<document><![CDATA[“@username: Catalans! @username Sort que lidera el Poble, eh? No haviem d'exigir eleccions el primer trimestre?” Cal ser flexible????????		]]></document>
	<document><![CDATA[“@username: I passat el primer "macaguntot!" volia afegir sobre la convocatòria de eleccions el 27s 2015: http://t.co/6NqEwbkhcm” molt be!????????????		]]></document>
	<document><![CDATA[“@username: #presidentMas no té "interès ni capacitat" de resoldre els problemes dels catalans segons govern espanyol" punyetrera Enveja!		]]></document>
	<document><![CDATA[“@username: L'únic bo de l'acord és que no hauré de votar una llista on hi hagi convergents #27S2015” una mica amargat, no?		]]></document>
	<document><![CDATA[“@username: .@username @username:"#27desetembrede2015 no era la nostra data però ens la fem nostra perquè és acord guanyador"????????????????		]]></document>
	<document><![CDATA[“@username: @username @username a sobre que li faig propaganda! :DD”		]]></document>
	<document><![CDATA[“@username:#divendrestv3 a mi que em preguntin per la independència,que no em demanin que voti a Mas o Junqueras.”ets més puro que un havano		]]></document>
	<document><![CDATA[“@username: "Ni Pujol era Catalunya, ni CiU és el procés"
@username” ohhhh! Quina frase mes rodona! quantes neurones heu cremat?		]]></document>
	<document><![CDATA[“@username: @username @username @username ja,i..? És tant com dir que la cup no és tota l'esquerra radical catalanista”????????????????		]]></document>
	<document><![CDATA[“@username: @username @username Ni el procés sou la CUP; som tots. Voleu deixar de tirar-vos merda els uns als altres!” Estic amb tu!		]]></document>
	<document><![CDATA[@username @username tota la raó. Molt encertat el plantejament		]]></document>
	<document><![CDATA[“@username: Us heu fixat en la xifra que dóna si sumem  27+9+2015 ?
Cc:@username #laDada” 2051, i...? No li veig el què...		]]></document>
	<document><![CDATA[“@username: @username @username Aigua clara significa la comèdia que estem vivint des del 2.011, engany rere engany ?” Enganyat?		]]></document>
	<document><![CDATA[“@username:Tengo la sospecha de k hay gente que me gusta mucho y que no sabe que me gusta mucho.Y no tengo claro si quiero que lo sepan.”????		]]></document>
	<document><![CDATA[“@username: ERC salva por cuarta vez a Artur Mas de ir a la ‘comisión Pujol’ http://t.co/EpPlWOXplU. #Trincopolis sòlida”creus que cal?		]]></document>
	<document><![CDATA[“@username:El 33 ha aconseguit que majoria de catalans deixin de mirar TV5 o la 6 emetent #CiutatMorta. Em venen moltes coses al cap" Mi tb		]]></document>
	<document><![CDATA[“@username:Pobre por una deuda de 1997 http://t.co/PZdO99j65J vía @username banco retiene fondos a hombre que cobra 365 €/mes” atracadores		]]></document>
	<document><![CDATA[“@username: La suma de Pablo Iglesias més PSOE estaria a sis escons de la majoria absoluta http://t.co/Sywo8Yf8a2” no especulem tant ...		]]></document>
	<document><![CDATA[“@username: Ciutat Morta, l'impacte moral de la pel·lícula http://t.co/rPUGqwAx0p @username @username”hi havia PSC  i ICV!		]]></document>
	<document><![CDATA[“@username: Mandaban PSC ERC y ICV (ahora @username) cuando #totciutatmorta
Pero según Colau, Trias tiene q dar explicaciones.”Kin morro!!		]]></document>
	<document><![CDATA[“@username: La CUP rebutja entrar en la candidatura encapçalada per Ada Colau ! http://t.co/ULqzitF6Yv #27S #independència” ben fet!		]]></document>
	<document><![CDATA[“@username: El domingo estaremos en Valencia en el pabellón Font de Sant Lluís. Entrada llibre" gràcies per avisar. Ja se on no anire		]]></document>
	<document><![CDATA[“@username: La meua reflexió a @username sobre @username @username "4F: un cas Dreyfus a la catalana" queeeeee??? Apa ja!		]]></document>
	<document><![CDATA[“@username:#CruyffTV3 Diu k catalans tenim el defecte de no anar per les coses al 100% i ens plantegem q passa si ens falla"+ ben observat		]]></document>
	<document><![CDATA[“@username: Goita tu! @username el polític més invisibilitat als informatius de TV3 http://t.co/QRxEE4tfgP” i ja en tenim prou!		]]></document>
	<document><![CDATA[“@username:Igualdad n Ñ:parlamentaria cat imputda x gastarse la tarjeta de Renfe en amoríos madril.EnCortes,sin informes sobre viajes”ke?		]]></document>
	<document><![CDATA[“@username: 31 d'octubre de 2014, se'ns pixen http://t.co/DxPQL492uz” no acceptar la #LlistadePaís ha estat el seu pitjor error.		]]></document>
	<document><![CDATA[“@username: Fan fora de l'acte de Podem a València un home que comparava Pablo Iglesias amb Felipe González" molt demòcrates! ????No me'ls crec!		]]></document>
	<document><![CDATA[“@username: Una 'start up' catalana triomfa al món amb una aplicació per millorar els textos " m'interessa, com els contacto?		]]></document>
	<document><![CDATA[“@username: Fin d la jerga y parabienes..Titulo d la peli:Los PPajaros! Todo les va bien..@username http://t.co/PSEP52noOi” ASCO! ????????????????		]]></document>
	<document><![CDATA[“@username: Tsipras 'a la española' http://t.co/CUGa0ua9mq Nuestra portada ahora. Por @username http://t.co/7FeYWBCZG6” y es del Barça!		]]></document>
	<document><![CDATA[“@username: @username Las casta mas rancia de #Palosdelafrontera http://t.co/F5lxe2DlUQ” quienes son estos? Dan mieeeedo!		]]></document>
	<document><![CDATA[“@username: Tengo trabajo. Eso me hace muy feliz. :)” me n'alegro! Sort!		]]></document>
	<document><![CDATA[“@username: @username @username pues ya puestos, Esp es un pseudodictadura” ESP ES una dictadura!		]]></document>
	<document><![CDATA[“@username: O canvien a Neymar aviat o li faran un #Vermaelen aquesta colla de gamarussos #frac1”		]]></document>
	<document><![CDATA[“@username:El Govern obre la porta a no celebrar les eleccions el 27-S @username #carmenopleguis
Això es fals,no es el que han dit!		]]></document>
	<document><![CDATA[“@username: Recordemos que nosotros aplaudimos al Atleti en el Camp Nou tras ganarnos la Liga.” I? Van fer una bona lliga, l'any passat		]]></document>
	<document><![CDATA[“@username: Ja som a SEMIFINALS de la copa d'aquest senyor..!
#frac1 #latdp http://t.co/tvAbv5fKwG” llàstima de semifinals!		]]></document>
	<document><![CDATA[“@username:Quan siguem independents (no perdo l 'esperança) la "Copa del Rei" caput,no?” Kaput total! Pero tindrem la copa de la república		]]></document>
	<document><![CDATA[“@username: La nueva socialdemocracia empoderadora nos va a hacer añorar a Felipe González.” No llames al mal tiempo!		]]></document>
	<document><![CDATA[“@username: pero por qué ese odio a los catalanes y no los dejáis independizarse no lo pillo” jo tampoc ho 'pillo', però així estem!		]]></document>
	<document><![CDATA[“@username: Tic-Tac Tic-Tac com argument polític. Quina pena. #EfecteGrèciaTV3” em fa vergonya sentir al de la cua amb el tic-tac		]]></document>
	<document><![CDATA[“@username: Soraya SS............hay que ser muy mala.
http://t.co/udyK0O4smn” es repugnant. Cinisme, fatxenderia. Marxem !!		]]></document>
	<document><![CDATA[#EfecteGrèciaTV3 ara resulta que Mas es el que fa la política de la Troika,quan aquí ni recaptem impostos ni tenim capacitat de gestió.		]]></document>
	<document><![CDATA[#EfecteGreciatv3 L'esquerra te un discurs periclitat. A veure si saben fer propostes. La seva única política es critcar a Mas. Penós!!		]]></document>
</author>