<?xml version="1.0" encoding="UTF-8" standalone="no"?><author id="b0e5a310-acc4-4e5a-ad6f-f196a7c98955" lang="es">
	<document><![CDATA[@username @username @username @username @username gracias a vosotros!		]]></document>
	<document><![CDATA[@username está genial! Gracias mil!		]]></document>
	<document><![CDATA[¿Os contamos que nuestro capitán @username estuvo con el director de @username? Invitado por @username  http://t.co/a9WMiCaNrn		]]></document>
	<document><![CDATA[Hoy se celebra el DÍA INTERNACIONAL DE LA DANZA. ¿Qué canción te apetecería bailar para celebrarlo?		]]></document>
	<document><![CDATA[Otra forma de ver el día de la madre ;) ¡Feliz día, mamás! Sois las mejores #amordemadre http://t.co/YFetrRVMho		]]></document>
	<document><![CDATA["Yo soy madre. Y tú, ¿qué superpoderes tienes?" Dedicado a todas las súper-mamás. Vía @username http://t.co/zKjhePaZkU		]]></document>
	<document><![CDATA[:) RT @username: Con @username camino de Madrid. Vamos a hablar de @username con gente que sabe muchísimo! http://t.co/mLvVFNy766		]]></document>
	<document><![CDATA[Amig@username, estamos en la final... ¡Deseadnos suerte! RT @username: Somos #Finalistas con @username en los premios #emprendedorXXI :)		]]></document>
	<document><![CDATA[Buenos días con @username y su "No gires 2013". Vamos, que es lunes y ¡se te nota! https://t.co/bMbNeINnZD!		]]></document>
	<document><![CDATA[En los premios #emprendedorXXI junto a otros finalistas majísimos! Hola @username, hola @username!		]]></document>
	<document><![CDATA[Lovex1000 "@username: Por si no conocéis el proyecto de @username echad un vistazo a @username #emprendedorXXI"		]]></document>
	<document><![CDATA[A @username seguro que le encantaría estar en Placeband.   http://t.co/Diy3nYMCDW #music #goodmorning		]]></document>
	<document><![CDATA[Enhorabuena a @username en su gran día. Somos una joven startup y pensamos que ¡soplar 80 velas tiene que ser genial! #cumple80RadioMurcia		]]></document>
	<document><![CDATA[Lo bueno de los viernes es que siempre llegan. ¡A disfrutar! http://t.co/wbd4aKzXqE		]]></document>
	<document><![CDATA[¡Placeband se va de viaje! Ni más ni menos que a Silicon Valley de la mano nuestro gran emprendedor @username. http://t.co/PwEXXKMFwC		]]></document>
	<document><![CDATA[@username @username ¡Gracias, Manolo! Mucho crack junto en este tuit :)		]]></document>
	<document><![CDATA[@username @username ¡Muchas gracias!		]]></document>
	<document><![CDATA[RT @username: Ray García (@username) elegido para formación en San Francisco y #SiliconValley http://t.co/XOgVqjySFu #emprendedores		]]></document>
	<document><![CDATA[RT @username: Hoy es el #díadelamúsica y lo celebro con un pedazo de videoclip. La música no son solo canciones. http://t.co/FVccBzqGFT		]]></document>
	<document><![CDATA[Entrevista al creador de Placeband, @username, nuestro crack zurdo que está camino de Silicon Valley. http://t.co/gSQhpXlZPe		]]></document>
	<document><![CDATA[¡Aquí estamos! RT @username: ‘Imagine’, un programa que ofrece a 12 emprendedores estar en Silicon Valley  http://t.co/bHap3TQeAE		]]></document>
	<document><![CDATA[Non stop! RT @username: El #emprendedor Ray García, de @username, cuenta su experiencia en Sillicon Valley. http://t.co/B0F4rZ5To5		]]></document>
	<document><![CDATA[¿Empezamos la cuenta atrás? ¡Volvemos con fuerza! Muy pronto...		]]></document>
	<document><![CDATA[@username hola! No te preocupes, tardaremos un poco más (cosas navideñas) pero cambiará. Te informamos en breve. Mil gracias por el cariño!		]]></document>
	<document><![CDATA[@username chicos! Muy bien!!		]]></document>
	<document><![CDATA[@username Pero votad bien!! #placeband, con hash, no con @username		]]></document>
	<document><![CDATA[Muy interesante @username! #MUWOMLab		]]></document>
	<document><![CDATA[@username a partir del 3 de febrero en web y Android!!		]]></document>
	<document><![CDATA[RT @username: ¿Conocéis @username ? Es una de las startups que forman parte de #MUWOMLab http://t.co/z7h32HGgiO		]]></document>
	<document><![CDATA[RT @username: Os presentamos @username una de las startups de @username http://t.co/z7h32HGgiO		]]></document>
	<document><![CDATA[RT @username: Todavía no conocéis @username ?? Echadle un ojo a esta nueva app de la que hablaremos mañana con su creador @username		]]></document>
	<document><![CDATA[@username Ya nos contarás qué tal fue!		]]></document>
	<document><![CDATA[Hoy tenemos la suerte de ser noticia en @username!! http://t.co/dphPzXaAQf Felices!!		]]></document>
	<document><![CDATA[@username cómo se ponen corazones en twitter? #weloveyou		]]></document>
	<document><![CDATA[Reunión de creatividad en placeband con @username @username @username @username y @username http://t.co/v0BwJLIqfK		]]></document>
	<document><![CDATA[Un día te levantas y piensas: ¿por qué los conciertos son iguales que hace 50 años? 

Ya no. 

Bienvenido a Placeband. 

#revolución #música		]]></document>
	<document><![CDATA[Placeband: dícese de la filosofía de agradecer y recompensar a todos los que siguen yendo a disfrutar de la #música en directo.		]]></document>
	<document><![CDATA[¿Te molaría estar en medio de un concierto y que te invitaran a subir al escenario con la banda? 

Se llama Placeband. Hola.		]]></document>
	<document><![CDATA[Si eres músico y quieres interactuar al máximo con tu público, vente a @username. La tecnología al servicio de la experiencia. #música		]]></document>
	<document><![CDATA[Bienvenido a nuestra versión muy beta. Nos encantará que pases y opines. Sé protagonista desde el principio. http://t.co/PAWivpKbtU		]]></document>
	<document><![CDATA[Placeband es el hijo moderno de la música en directo. #revolución #FelizDíadelPadre		]]></document>
	<document><![CDATA[¿Y si pudieras disfrutar de un concierto a medida? ¿Cómo sería el tuyo? Cuéntanoslo con #experienciasplaceband.		]]></document>
	<document><![CDATA[Si te gusta la #música, te va a encantar la (r)música. Descubre en @username la (r)evolución musical.  

http://t.co/PAWivpKbtU		]]></document>
	<document><![CDATA[¿Y si pudieras disfrutar de un concierto a medida? ¿Cómo sería el tuyo? Cuéntanoslo con #experienciasplaceband.		]]></document>
	<document><![CDATA[Si este fin de semana vas a un concierto, piensa en qué te gustaría que pasara dentro y luego nos lo cuentas. #experienciasplaceband		]]></document>
	<document><![CDATA[Con @username, Georgie Dann podría hacer barbacoa en el escenario y sortear morcillas entre el público. #tuitserio #experienciasplaceband		]]></document>
	<document><![CDATA[Si tu madre supiera que existe @username te diría que te registres rápido que si no se le van las vitaminas.		]]></document>
	<document><![CDATA[@username ¡Hola! Vamos a intentarlo, te decimos algo en breve.		]]></document>
	<document><![CDATA[¿Te imaginas un sistema que te premiara por ir a muchos conciertos de tu grupo preferido? Se llama placeband. Hola.		]]></document>
	<document><![CDATA[Lo veníamos avisando:la gente quiere vivir experiencias y,si no se las damos,mira lo que pasa. http://t.co/9yCg2Y8SVH #experienciasplaceband		]]></document>
	<document><![CDATA[En placeband cada concierto es único y esta afirmación es de verdad, no como cuando decís que el tamaño no importa.		]]></document>
	<document><![CDATA[La primavera la sangre altera. 

Vente a placeband, que te alteramos todo lo demás.		]]></document>
	<document><![CDATA[¿Ojalá un sistema para localizar con el móvil a tus colegas cuando estás en un festival? Se llama placeband. Hola.		]]></document>
	<document><![CDATA[@username Estamos trabajando en el desarrollo para iPhone. ¡Está entre nuestras prioridades! Gracias por el interés.		]]></document>
	<document><![CDATA[A nuestra infancia -mucho por aprender y cero complejos- la hemos llamado versión muy beta. ¿Nos ayudas a crecer? 

http://t.co/PAWivpKbtU		]]></document>
	<document><![CDATA[Entrar a un concierto sin hacer cola. #experienciasplaceband		]]></document>
	<document><![CDATA[Que @username se corte un rizo en mitad del concierto y me lo dedique. #experienciasplaceband		]]></document>
	<document><![CDATA[Acabar en el camerino. #experienciasplaceband		]]></document>
	<document><![CDATA[AEMET permitirá patrocinar borrascas. No es por criticar,pero si quieres que tus patrocinios molen,vente a @username http://t.co/qXhAnMkG0w		]]></document>
	<document><![CDATA[Planeando #experienciasplaceband para este veranito en @username. Si vas a estar en #Gandia, cuéntanos. ¿Qué quieres que pase?		]]></document>
	<document><![CDATA[Gracias por tu comentario, @username. ¡Tomamos buena nota! #experienciasplaceband con @username y @username.		]]></document>
	<document><![CDATA[#FF para @username porque mola lo que cuentan, cómo lo cuentan y por la reseña que nos han dedicado. ¡Gracias! http://t.co/Ah2sjnIQJe		]]></document>
	<document><![CDATA[¿Y si existiera una forma de premiar a tus fans invitándoles a una caña mientras disfrutan de tu concierto? Se llama placeband. Hola.		]]></document>
	<document><![CDATA[¿Estás en facebook? La (r)evolución musical también. 
¡Síguenos! 
https://t.co/GQOj5VdzVh		]]></document>
	<document><![CDATA[Recuerda: si hoy te vas de concierto, piensa en qué te gustaría que pasara dentro y luego nos lo cuentas. #experienciasplaceband		]]></document>
	<document><![CDATA[Un día te levantas y piensas: ¿por qué los conciertos son iguales que hace 50 años? Ya no. Bienvenido a placeband. #revolución		]]></document>
	<document><![CDATA[La #experienciaplaceband de @username es poder pedirle a @username que le cante la canción “Dígale”. ¿Cuál sería la tuya? #conciertos		]]></document>
	<document><![CDATA[Ve más allá. Rompe las convenciones y vive la #música como quieras. 

#revoluciónplaceband 

http://t.co/eKx6lS3c4A		]]></document>
	<document><![CDATA[Con @username, Beethoven podría haber sorteado su partitura entre todas las Elisas del #concierto.		]]></document>
	<document><![CDATA[@username Ana, tienes toda la razón, de hecho estamos trabajando en la web (versión “muy beta”) para mejorar todo esto. Muchas gracias.		]]></document>
	<document><![CDATA[Esperamos que @username jamás descubra @username por el bien de la demografía mundial. No, en serio, no se lo contéis.		]]></document>
	<document><![CDATA[Si Marilyn Manson se entera de que existe @username nos usará para buscar entre el público la costilla que le falta. #ojoconeso		]]></document>
	<document><![CDATA[Con placeband, Janis Jopplin podría haber invitado a subir al escenario a todos los que se llamaran Bobby. #experienciasplaceband		]]></document>
	<document><![CDATA[Concierto de Los Beatles, hace 45 años, en la azotea de un edificio en Londres. Mucho más que #música en directo. http://t.co/N8QQpFTIqC		]]></document>
	<document><![CDATA[De festival. Mucha gente. Bebida a precio de oro. ¿Qué preferirías, entrar sin hacer cola o que te inviten a un mini? #experienciasplaceband		]]></document>
	<document><![CDATA[En un concierto, entre poder subir al escenario con la banda o entrar al backstage, ¿qué preferirías? #experienciasplaceband		]]></document>
	<document><![CDATA[@username Gracias por elegir #experienciasplaceband. Si se te ocurren más ideas, ¡somos todo oídos!		]]></document>
	<document><![CDATA[@username ¡Qué gran idea! Tomamos nota para sumarla a nuestra carta de #experienciasplaceband.		]]></document>
	<document><![CDATA[Señores y señoras, quedan inaugurados los #viernesplaceband. Recomendamos “Paisajes",último videoclip de @username. https://t.co/561bEcX7Ke		]]></document>
	<document><![CDATA[Con placeband, Kurt Cobain podría haberte enviado un mensaje privado a tu móvil diciendo “Hello, hello, hello, how low”.		]]></document>
	<document><![CDATA[Buen fin de semana y, si os vais de concierto, que lo paséis tan bien como estos tres… #queelritmonopare https://t.co/cyBPdtpwAk		]]></document>
	<document><![CDATA[Últimas declaraciones de PSY sobre la #música japonesa en #lonuncadicho. http://t.co/CkRbugt1AE		]]></document>
	<document><![CDATA[Pete Townshend era único rompiendo guitarras sobre el escenario. @username: mucho más que música en directo. http://t.co/FVflwQBw6M		]]></document>
	<document><![CDATA[Fin del concierto y ¿prefieres que la sala te invite a una copa o el bar de al lado a un bocata? ¡Cubata vs Resopón! #experienciasplaceband		]]></document>
	<document><![CDATA[Ser de los primeros en hacer check-in en un concierto y recibir sorpresas en tu móvil... A quien madruga, @username le ayuda. Buenos días.		]]></document>
	<document><![CDATA[Un día pasó por aquí, parecía majo, una cosa llevó a la otra y ya no podemos vivir sin él. Se llama @username y hoy es su cumpleaños.		]]></document>
	<document><![CDATA[@username ¡Gracias por compartir la oferta!		]]></document>
	<document><![CDATA[¡Esto sí que es ser un gran fan! Con placeband también podrás demostrar que lo eres… y sin mojarte. http://t.co/NIHF5Jjr1B		]]></document>
	<document><![CDATA[Señoras que usarían placeband. #sexy #nolimits 

https://t.co/yYOSNTJjHp		]]></document>
	<document><![CDATA[El Señor Lobo usaría placeband. 

http://t.co/LgGuRBLwFB		]]></document>
	<document><![CDATA[Los conciertos más multitudinarios de la historia:  J.M. Jarre en Moscú y Rod Stewart en Río con ¡3.500.000 personas! http://t.co/qzCdpEoK1a		]]></document>
	<document><![CDATA[Hoy es el cumpleaños de la cantante @username. Le felicitamos sus 48 dedicándole nuestro #viernesplaceband. 
https://t.co/cMxSYCOjeB		]]></document>
	<document><![CDATA[Con placeband recibirás sorpresas en tu móvil, geolocalizarás a tus amigos en los conciertos... y gratis. #comingsoon
http://t.co/HrVAjN4XeX		]]></document>
	<document><![CDATA[“¡Cibercolas para Los Rolling! "La crisis no puede con uno de los conciertos más caros de la historia”. http://t.co/owdK7KlusD		]]></document>
	<document><![CDATA["Los de las localidades más baratas que den palmas, los demás simplemente muevan sus joyas”. John Lennon. Concierto benéfico 1963.		]]></document>
	<document><![CDATA[#SabíasQue... @username fue el artista más buscado en #Google en 2013, seguido de Miley Cyrus y Justin Bieber.  http://t.co/BMoEJfLfhc		]]></document>
	<document><![CDATA[Hoy #música y literatura se unen. “Cuatro libros (buenos) de músicos (excelentes)” vía @username. #DíadelLibro 

http://t.co/40VOeklr9O		]]></document>
	<document><![CDATA[Seguimos celebrando el #DíadelLibro. Aquí los mejores libros sobre #música publicados en 2013, según @username. http://t.co/FgHtWR153H		]]></document>
	<document><![CDATA[Top50 de las apps de Android más descargadas en 2013. Solo una vinculada a la #música. ¡Ahí vamos! http://t.co/Xgn84vBLcv Vía @username		]]></document>
	<document><![CDATA[@username @username @username Disfruta y aprende mucho, boss, que luego nos lo tienes que contar.		]]></document>
</author>