<?xml version="1.0" encoding="UTF-8" standalone="no"?><author id="d4c5c059-c450-42d5-b755-8082b921925c" lang="es">
	<document><![CDATA["Bajo la misma luna, en la misma ciudad, cruzando las mismas calles, sólo se veían en sus sueños."		]]></document>
	<document><![CDATA["Soy una Sirenia", dijo la vaca marina.		]]></document>
	<document><![CDATA[Física es esa clase en la que activas el modo "estáenmoodle". @username #Pasando		]]></document>
	<document><![CDATA[Definitivamente, los juernes molan.		]]></document>
	<document><![CDATA[Esa sensación de haberte equivocado.		]]></document>
	<document><![CDATA[No puedo evitar pensar en Star Wars cada vez que hablan de los catalanes como "los separatistas".		]]></document>
	<document><![CDATA[Que alguien me suicide.		]]></document>
	<document><![CDATA[@username claramente ese kogmaw tan masculino		]]></document>
	<document><![CDATA[@username mucho cachondeito con mi risa... ¬¬ jajajajaj		]]></document>
	<document><![CDATA[Terminar el año con un penta con Nida no es una mala forma de hacerlo, no señor.		]]></document>
	<document><![CDATA[Crisis de las doce menos diez: las uvas no están peladas.		]]></document>
	<document><![CDATA[Tanta felicitación por Whatsapp y yo sigo en pijama. Hora de arreglarse. #ItsTime		]]></document>
	<document><![CDATA[Carta a los Reyes Magos en el siglo XXI = mensaje por Whatsapp a mi madre.		]]></document>
	<document><![CDATA[Soy la estupidez humana personificada.		]]></document>
	<document><![CDATA["Diez mil millones de moscas no se han podido equivocar. Coman mierda".		]]></document>
	<document><![CDATA[Y yo debería haber estudiado... o estar estudiando... o tener la mentalidad de que mañana tengo que estudiar. #Sudando		]]></document>
	<document><![CDATA[Amor al apartado de Radio de Spotify. HAMOR.		]]></document>
	<document><![CDATA[@username te lo digo.		]]></document>
	<document><![CDATA["Busca una montaña. No hace falta que sea la más alta, simplemente más alta que todos tus miedos. Sube y sopla."		]]></document>
	<document><![CDATA[No me gusta la oscuridad, pero me encanta la noche.		]]></document>
	<document><![CDATA[Nochevieja favorece mi instinto natural de cambiar horarios... Acostarse a las 7 NO es bueno. Algún día, si tal, me concienciaré.		]]></document>
	<document><![CDATA[@username puedes ser más genial natt?? jajajajaj no lo creo ;)		]]></document>
	<document><![CDATA[Me mofo con el ask de @username JAJAJAJAJAJ		]]></document>
	<document><![CDATA[Las conversaciones unidireccionales... difícilmente cuajan.		]]></document>
	<document><![CDATA[Orgullo y prejuicio. 2005. Keira Knightley. Matthew Macfadyen. Puta película más increíble.		]]></document>
	<document><![CDATA["¿Qué ha sido del jinete y su caballo? ¿Qué del cuerno y su reclamo? Han pasado como lluvia en las montañas, como viento en la pradera."		]]></document>
	<document><![CDATA[Y recordar lo feliz que era cuando me iba a la cama cada 5 de enero...		]]></document>
	<document><![CDATA[1. Copia cualquier tweet de cualquier tweetstar con cientos de miles de followers. 2. Pégalo en el buscador. 3. Observa cómo de original es.		]]></document>
	<document><![CDATA[Estudiar es de cobardes.		]]></document>
	<document><![CDATA[Pues a mí me molaría tener algún regalo envuelto y listo para ser abierto en unas horas. Pero no. Toca esperar a las rebajas. #Lloro		]]></document>
	<document><![CDATA[¿Va en serio lo de que a la gente le regalan calcetines en Reyes? Por Dios eso sí que es triste.		]]></document>
	<document><![CDATA[El mejóh regalo de la historia!!! http://t.co/QYmkptr56b		]]></document>
	<document><![CDATA[Ver un mosquito revoloteando por el salón. Pensar: "oh, pobre animalito, le dejaré en paz". Te empieza a picar la mano. PUTO MOSQUITO HIJO D		]]></document>
	<document><![CDATA[Yo seguiré de vacaciones hasta que el agobio me provoque soltar la frase: "me cago en la puta por qué no empecé antes".		]]></document>
	<document><![CDATA[Llamadme raro, miradme mal, pero yo soy feliz trasnochando.		]]></document>
	<document><![CDATA[@username @username oh dios, quiero esa camiseta XD		]]></document>
	<document><![CDATA[Yo debería haberme metido a Filología Hispánica...		]]></document>
	<document><![CDATA[Yo de mayor, cuando sea biotecnólogo, fabricaré antivirus.		]]></document>
	<document><![CDATA[Esa sensación cuando te toca Lux o Nida en una ARAM. #FuckYeah		]]></document>
	<document><![CDATA[Aunque el de hoy sea una patraña de examen, no deja de ser el primero. #ThisBeginns		]]></document>
	<document><![CDATA["EMI" y el misterio de por qué coño Whatsapp escribe mi nombre en mayúsculas y el de los demás no.		]]></document>
	<document><![CDATA[Interferencia electromagnética inglesa. #ThatsWhatIAm		]]></document>
	<document><![CDATA[¿Qué coño estoy haciendo con mi vida?		]]></document>
	<document><![CDATA[Que los Reyes me traigan el portátil nuevo el día antes del examen de mates #YOtrasFormasDeSuspender		]]></document>
	<document><![CDATA[Cosas que haces con un ordenador nuevo: 1. Descargar el Chrome. 2. Descargarme el LoL. 3. Ahora ya puedo irme a estudiar.		]]></document>
	<document><![CDATA[@username no tío mi conciencia ha podido con mi ludopatía jajajaj y he de decir que me he sorprendido xD #IncreíblePeroCierto		]]></document>
	<document><![CDATA[Nombres que suenan a persona fea. #Concepto @username jajajaj		]]></document>
	<document><![CDATA[Las diez de la noche es buena hora para empezar a estudiar, sip.		]]></document>
	<document><![CDATA["Definitivo" es el adjetivo definitivo.		]]></document>
	<document><![CDATA[Y cómo cagarla al final de una noche genial... bravo.		]]></document>
	<document><![CDATA[Quedan 10 horas para el examen de Fundamentos y yo sigo con la calma.		]]></document>
	<document><![CDATA["01:20 am. El sospechoso se motiva con la canción 'You make me' mientras estudia. Tiene el examen en unas horas. ¿Qué coño está haciendo?"		]]></document>
	<document><![CDATA[Tengo la ESO, el Bachillerato y un Máster en Cómo perder el tiempo de manera ciertamente espectacular.		]]></document>
	<document><![CDATA[He encontrado a mi alter ego norteamericano LOL @username		]]></document>
	<document><![CDATA[@username es mi follower más leal, sí señor. Es la follower definitiva.		]]></document>
	<document><![CDATA[Grado en League of Legends. Universidad Politécnica de Madrid. #YoMeMetía		]]></document>
	<document><![CDATA[Ha sido llegar a la universidad y empezar a odiar la química. Gracias, Vallejo. Qué buen profesor eres.		]]></document>
	<document><![CDATA[Tú.
Yo.
Mi casa vacía.
Chocolate en la despensa.
MUCHO chocolate.
INGENTES CANTIDADES DE CHOCOLATE.

Piénsalo.		]]></document>
	<document><![CDATA[Estoy en modo "hacercualquierotracosamenosestudiar".		]]></document>
	<document><![CDATA[Tras este no breve y molón inciso regreso a mi cueva. Puta químicaaaaaa.		]]></document>
	<document><![CDATA["-¿Cuál es la diferencia entre el chino y el español, además del idioma?" @username #Brillante #Bravo #UnAplausoPorFavor		]]></document>
	<document><![CDATA[Los de turno de tarde son "reTARDEd". #FestivalDelHumor		]]></document>
	<document><![CDATA["@username: Estúpido y sensual pikachu http://t.co/CSETrCpPVT" JAJAJAJAJJAJAJA		]]></document>
	<document><![CDATA[@username jajajaj seehhhh aunque mas que cantarla la silbaba todo el rato xD		]]></document>
	<document><![CDATA["La verdad duele una sola vez, pero la mentira duele siempre".		]]></document>
	<document><![CDATA[@username @username no hay nada más que disirrrrrr jajajaj vamos o vamos? no sé si veis otra opción posible...		]]></document>
	<document><![CDATA[Las hojas rozan el suelo.		]]></document>
	<document><![CDATA[La música resuena en los ecos olvidados.		]]></document>
	<document><![CDATA[Un viejo columpio se oxida un poco más a cada balanceo, mecido por la brisa nocturna.		]]></document>
	<document><![CDATA[Luces iluminan los deseos, inalcanzables e inalcanzados.		]]></document>
	<document><![CDATA[Un cielo gris, oscuro, negro, tiene una sola mota de polvo. Estelar, deslumbrante.		]]></document>
	<document><![CDATA[@username @username @username oh síiii así la veooooooooo!!!!! cada vez me está gustando más el plan :P		]]></document>
	<document><![CDATA[Al pie de la letra.		]]></document>
	<document><![CDATA[Tú eras el tren que pasó de largo mientras te esperaba en la estación.		]]></document>
	<document><![CDATA[Yo debería haber dormido. Y tal.		]]></document>
	<document><![CDATA[Física out. Biología in. #Pereza		]]></document>
	<document><![CDATA[Molas. #ChisteQuímico #SúperOriginal #FestivalDelHumor		]]></document>
	<document><![CDATA[Y yo debería haber estudiado mazo hoy. #LOL		]]></document>
	<document><![CDATA[2 caras en 10 minutos. Rendimiento nulo y descendiendo.		]]></document>
	<document><![CDATA[La puta descarga del TF2 me está petando el ordenadorrrrr pero qué es esto.		]]></document>
	<document><![CDATA[Meterme a Biotecnología y que la asignatura que tenga menos ganas de estudiar sea Biología. #EsBien		]]></document>
	<document><![CDATA[Está claro que yo soy la "Enemy Team Vayne" http://t.co/8ISsGFs9J8		]]></document>
	<document><![CDATA[@username jajajajaj solo te doy favs a los que me parecen jrasiosos xD		]]></document>
	<document><![CDATA[La cámara que está por encima de los estomas se llama subestomática. Me encanta. #BiologíaPantene #PorqueYoLoValgo		]]></document>
	<document><![CDATA[JAJAJAJAJAJ puto carglass y su cancioncita de mierda. "Carglass caaaambiaaa, Carglas repaaraaa" JAJAJAJ		]]></document>
	<document><![CDATA[@username y desde cuando sub significa detrás? xD		]]></document>
	<document><![CDATA[Pues yo quiero una.		]]></document>
	<document><![CDATA[@username pues i'm sorry pero de momento os quedaréis con las ganas... jajajaj		]]></document>
	<document><![CDATA[El Skype del Windows 8 ME GENERA UNA BAJONA MUY GRANDE.		]]></document>
	<document><![CDATA[@username mazo XD aunque también es que yo soy mazo de nocturno en general jajajaj		]]></document>
	<document><![CDATA[Es deprimente que lo que me motive a estudiar sea el peligro a suspender y no la asignatura en sí misma. Puto deprimente.		]]></document>
	<document><![CDATA[@username No puedo. #LLORO Me haces sufrir Carol.		]]></document>
	<document><![CDATA[@username VOY A QUEDARME HASTA LAS 7 DE LA MAÑANA SÓLO PARA SABÉRMELOS. No en serio, que vayas mejor que yo es señal de que voy MAAAL jajaja		]]></document>
	<document><![CDATA[@username JAJAJAJAJ es que encima eres cruel y malvada XDD No te odio porque el hecho de agobiarme es bueno para mi PERO TE ODIO MAZO xD		]]></document>
	<document><![CDATA[@username jajajaja carol que sabes que te quiero no te enfades conmigo :(		]]></document>
	<document><![CDATA[Expresiones como "Ojocuidao" o "Kemedaiwá". Me encantan XD		]]></document>
	<document><![CDATA[@username yo soy de esos :$		]]></document>
	<document><![CDATA[Sería tan cómodo tener un USB en la cabeza y que aprender fuera simplemente enchufarte un pen drive...		]]></document>
	<document><![CDATA[Estoy retrasando más y más el momento de enfrentarme con el Tema 8. #PlantasComoSusOdio		]]></document>
	<document><![CDATA[Yo soy especial y las "xd" las leo como "pordé" y no "equisdé". Pordé.		]]></document>
</author>