<?xml version="1.0" encoding="UTF-8" standalone="no"?><author id="ee3d2276-1a81-4669-ac72-9b360cd79e5b" lang="es">
	<document><![CDATA[@username ay mija, estás viendo y no ves?		]]></document>
	<document><![CDATA[Una combinación entre lunes y domingo pffff!		]]></document>
	<document><![CDATA[@username y tachas Jajaja nocierto vdd @username ?		]]></document>
	<document><![CDATA[@username @username Jackeline "medias tachas" Sulvarán, no pregunten		]]></document>
	<document><![CDATA[@username @username jajaja que fresas!		]]></document>
	<document><![CDATA[La felicidad no se busca, se hace.		]]></document>
	<document><![CDATA[1. Naces
2. Tu papá se apellida Carstens
3. Tu mamá también 
4. Creces...
5. Creces... 
6. Creces...
7. Creces...
8. To be continued...		]]></document>
	<document><![CDATA[Hay que aprender más a reirse de uno mismo y si estás gordito ¿Qué mejor?		]]></document>
	<document><![CDATA[No se trata de opciones si no de elecciones.		]]></document>
	<document><![CDATA[¿Qué clase de inteligencia artificial del diablo tiene mi autocorrector que cuando escribo "pena" corrige a "Peña"?		]]></document>
	<document><![CDATA[Se me ponchó una llanta :(		]]></document>
	<document><![CDATA[Shit debí haber tomado una clase para cambiar llantas		]]></document>
	<document><![CDATA[@username ojalá se me ponchara una de esas		]]></document>
	<document><![CDATA[@username gracias! Que amable :)		]]></document>
	<document><![CDATA[Resuelto :) http://t.co/ZvLT5oAW		]]></document>
	<document><![CDATA[Me pegué con una columna en la cabeza en clase ¡cadajo! ¿por qué no quedé inconsciente?		]]></document>
	<document><![CDATA[Si tienes un problema y no lo aceptas ¡Felicidades! Ya tienes dos.		]]></document>
	<document><![CDATA[Se ven muy guapas las mujeres que no hablan mal de otras mujeres.		]]></document>
	<document><![CDATA[Clueless la de propiedad intelectual.		]]></document>
	<document><![CDATA[Escupir todos los slogans habidos y por haber no es PI nememes!!		]]></document>
	<document><![CDATA[Te hacen falta unas botas nuevas, tu sabes quién eres http://t.co/2BeOhrGU		]]></document>
	<document><![CDATA[Oooooooooooooooh la epifanía que acabo de tener.		]]></document>
	<document><![CDATA[@username una revelación muy cabrona jaja		]]></document>
	<document><![CDATA[@username te lo prohibo, no estás consultando tus decisiones conmigo		]]></document>
	<document><![CDATA[@username renuncio!		]]></document>
	<document><![CDATA[Soy un abuso, muy cute pero abuso jajaja		]]></document>
	<document><![CDATA[Ya estoy insoportable @username :)!		]]></document>
	<document><![CDATA[¡Quiero tanto que sea sábado que no quiero que llegue el sábado!		]]></document>
	<document><![CDATA[Me da hueva ir a la escuela en viernes.
-Todos mis maestros		]]></document>
	<document><![CDATA[Midnight city nos queda perfecto @username esperando a la grúa :(		]]></document>
	<document><![CDATA[@username sapo verde eres tuuuu! Pásala bomba tq!		]]></document>
	<document><![CDATA[Me quiero volver chango		]]></document>
	<document><![CDATA[Ya empezó a tocar Otto Knows y nosotros en el tráfico :(		]]></document>
	<document><![CDATA[@username @username yo solo se que de ahora en adelante mi vida es muy aburrida jajajaja		]]></document>
	<document><![CDATA[@username @username hubieras ido!		]]></document>
	<document><![CDATA[Y en el próximo cónclave seguro salen con un Papa igual de betabel.		]]></document>
	<document><![CDATA[@username mejor que tu amor abra la puerta de fito!		]]></document>
	<document><![CDATA["Los alemanes son una raza superior" —palabras peligrosas y escabrosas de de la Fuente		]]></document>
	<document><![CDATA[La delgada línea entre ser políticamente incorrecto y racista no existe, lo acabo de decidir.		]]></document>
	<document><![CDATA[Maestros que parlotean durante dos horas al rededor de un mismo punto y no se dan cuenta de que su interlocutor (o sea yo) muere lento.		]]></document>
	<document><![CDATA[Tal vez yo sólo se correr y por eso.		]]></document>
	<document><![CDATA[Quiero llorar y luego no puedo llorar y luego quiero llorar más.		]]></document>
	<document><![CDATA[“@username: Por fin se deja venir el mejor día del año... 13 de febrero..Urgidas de novio en cada esquina..” Eres una grosería pecas		]]></document>
	<document><![CDATA[@username yo lo se pecas que oso		]]></document>
	<document><![CDATA[@username me la voy a pasar mal porque te voy a extrañar mucho :(, mejórate pronto Jake.		]]></document>
	<document><![CDATA[@username brother soy súper grinch del 14, no celebro ni con novio, de la que te salvaste.		]]></document>
	<document><![CDATA[@username jajaja que burro!		]]></document>
	<document><![CDATA[¿Alguien más casi muere de chiquito cuando vio esto? http://t.co/YTOoTN3l		]]></document>
	<document><![CDATA[@username porque "es de que tus ojos son hermosos" Jajajaja		]]></document>
	<document><![CDATA[Total que... http://t.co/TQfgdqXE		]]></document>
	<document><![CDATA[Guarden sus desesperaciones para después del 14 porfa!		]]></document>
	<document><![CDATA[@username goao lobi te adoro! Te veo la próx. semana :)		]]></document>
	<document><![CDATA[Escuchando m83 aquí http://t.co/ICw9naWa		]]></document>
	<document><![CDATA[@username a aca		]]></document>
	<document><![CDATA[@username por eso no puse "tu sabes quién eres", para que no me cacharas Jajaja		]]></document>
	<document><![CDATA[Estoy más cansada que el Papa.		]]></document>
	<document><![CDATA[@username yo no miento, matizo la vdd		]]></document>
	<document><![CDATA[Acabo de terminar una carrera de 8.98 km con Nike+ Running. http://t.co/VBjRX420 #nikeplus		]]></document>
	<document><![CDATA[La tuya, tu sabes quién eres http://t.co/IyYYL42d		]]></document>
	<document><![CDATA[@username pues que usurpador tan ogt		]]></document>
	<document><![CDATA[Perdón a veces las palabras decentes no me alcanzan.		]]></document>
	<document><![CDATA[Quiero postres, aunque sea lo último que haga. Porfa alguien sáqueme de mi miseria.		]]></document>
	<document><![CDATA[Mis tiempos de oso :s Acabo de terminar una carrera de 8.80 km con Nike+ Running. http://t.co/EjzHZHwn #nikeplus		]]></document>
	<document><![CDATA[Soy una basura de corredora pero aquí en Acapulco soy Usain Bolt. Abran paso viejirris.		]]></document>
	<document><![CDATA[Recomiéndense unas buenas rolas porfa.		]]></document>
	<document><![CDATA[@username soy toda burra por FB casi ni lo uso :(		]]></document>
	<document><![CDATA[A veces crees que tienes toda la vida por delante para cometer errores, lo cierto es que todos los errores deberían de estar hacia atrás.		]]></document>
	<document><![CDATA[Actuar y omitir, siempre con un motivo válido.		]]></document>
	<document><![CDATA[@username pobre de ti changuita, oye llego a las 3 a la escuela :)		]]></document>
	<document><![CDATA[Regla 1: tiene que valer la pena.		]]></document>
	<document><![CDATA[La nieve es blanca sí y sólo sí la nieve es blanca.		]]></document>
	<document><![CDATA[Culpo a mi pepinez de este oso enorme.		]]></document>
	<document><![CDATA[Gracias Siri, vales mil http://t.co/G3mFTCuL		]]></document>
	<document><![CDATA[Siri todo lo quiere resolver con yahoo respuestas y pues así cómo.		]]></document>
	<document><![CDATA[Si todo me lo tomo con filosofía, ya soy filósofa?		]]></document>
	<document><![CDATA[¿No les pasa que quieren tuitear muchas cosas chistosas y no pueden porque son niñas? ¡Estúpida sociedad te odio!		]]></document>
	<document><![CDATA[@username que poca pequeño corazón, tan feo tu.		]]></document>
	<document><![CDATA[Le temo a mi correo elctrónico sobre todas las cosas.		]]></document>
	<document><![CDATA[Estridente tu "más sin embargo".		]]></document>
	<document><![CDATA[@username nada huevo, me da el patatus pero ya estoy en mi casita :)		]]></document>
	<document><![CDATA[Qué le pasa a esta niña? http://t.co/2fyLx1a0		]]></document>
	<document><![CDATA[Albert Brennaman para el corazón.		]]></document>
	<document><![CDATA[La verdad lo cura todo.		]]></document>
	<document><![CDATA[Gente enojada conmigo EVERYWHERE.		]]></document>
	<document><![CDATA[Porfa si están enojados díganlo, no actúen como pasivos-agresivos que luego sea humillante para los demás hablar con ustedes.		]]></document>
	<document><![CDATA[El email es del diablo.		]]></document>
	<document><![CDATA[Billy Corgan anunciando su compañía de lucha libre y muebles me recuerda  a Mijail Gorbachev anunciando Burger King.		]]></document>
	<document><![CDATA[A todo le quiero poner música.		]]></document>
	<document><![CDATA[Dime "no sé, dime tu" y te diré "no ya, no ya, no yaaa".		]]></document>
	<document><![CDATA[Mi listado de respuestas correctas:
1. ¿Qué?
2. No que yo sepa.
3. ¡No ya! 
4. Ay hoola.
5. ¡Mira, un avión! 
6. Voy al baño, ahorita vengo.		]]></document>
	<document><![CDATA[@username noooooo, mejor vamos a correr ya		]]></document>
	<document><![CDATA[Masacre total esta clase, lo bueno es que nadie va a extrañar a 30 abogados.		]]></document>
	<document><![CDATA[Parloteo incesante, no puedo más.		]]></document>
	<document><![CDATA[@username Jajaja eres totaaaalmente asqueroso!		]]></document>
	<document><![CDATA[Mis maestros se ven muy mal faltando a la escuela en viernes pero creo que si no voy me veré peor #fml		]]></document>
	<document><![CDATA[@username Eresun sabio.		]]></document>
	<document><![CDATA[El amor tiene buen lejos.		]]></document>
	<document><![CDATA[@username no es feo es abominable!		]]></document>
	<document><![CDATA[Foldeo como el Papa		]]></document>
	<document><![CDATA[Acabo de terminar una carrera de 5.78 km con Nike+ Running. #nikeplus		]]></document>
</author>