<?xml version="1.0" encoding="UTF-8" standalone="no"?><author id="fd7ca1e5-0e01-45be-a0f4-41dffc990a0c" lang="es">
	<document><![CDATA[“@username:Redactor jefe de @username posando con una bandera de Ultras Sur y sus miembros. http://t.co/s39Hc2F9OP” this is Spain! !*!		]]></document>
	<document><![CDATA[“@username: "En Cataluña incitan al odio y violencia"
Losantos: "Bofetadas a los catalanes!" Els violents son ells! Ultras del atlètic!		]]></document>
	<document><![CDATA[“@username: És normal que a una capital d'un país occidental una baralla duri dues hores abans d'un partit?” I amb un mort! Marxem !!		]]></document>
	<document><![CDATA[“@username: Servei del TAV interromput a Girona per la inundació, de nou, de l'estació de Girona http://t.co/mTX4y9TmhY” toquem el dos!		]]></document>
	<document><![CDATA[“@username: @username @username Quina colla de vividors,és fàcil bla bla bla, sense fotre brot #llistaUnitària i #BonVent” #LlistadePaís		]]></document>
	<document><![CDATA[“@username:EXCLUSIVA LaPoliciaNacional té una unitat secreta x rastrejar casos d corrupció a Catalunya http://t.co/So5E9agwYC” k busquin!		]]></document>
	<document><![CDATA[“@username:A Girona no ens van posar AVE..ens van posar ferri...
#GironaInundada” ara teniu costa. Poseu un club nàutic i convideu Rajoy????		]]></document>
	<document><![CDATA[“@username: Los 21 detenidos siguen en comisaría. Pertenecen a 4 grupos de extrema derecha y extrema izquierda. Que asco de país!		]]></document>
	<document><![CDATA[“@username: Estrena mundial a Londres de l'última pel·lícula de la trilogia 'El Hòbbit' http://t.co/2tWFGUAxs2 http://t.co/wJfBuN7QiV” bodrio!		]]></document>
	<document><![CDATA[“@username:"Rajoy defiende que Fabra es un 'ciudadano ejemplar' pese su imputación judicial"El Mundo. I això no és apologia del terrorisme?		]]></document>
	<document><![CDATA[“@username: Dia de la Justícia: El fiscal superior es nega a aplaudir Artur Mas 
#llistaunitaria 
Perden els papers. Nervis. Anem bé!		]]></document>
	<document><![CDATA[“@username: #Marca "El Barça no está haciendo todo lo que debe con los ultras" http://t.co/EKBmlI3djp #deportes” inventen la realitat		]]></document>
	<document><![CDATA[“@username:#Diferencias #MessiBalonDeOro http://t.co/Hq87zoKabj”el Cristiano fa angúnia. Te gestos d'austrolopitec, sense ànims d'ofendre'ls		]]></document>
	<document><![CDATA[“@username:Mas, ninguneado por Hollande:"Cataluña es una región de España.No hay nada más que comentar"Eso, eso Ya os lo encontrareis		]]></document>
	<document><![CDATA[“@username:Demà ens venen a explicar "Interstellar" a Parlament Europeu.Llàstima que aquesta peli ja l'he vista.Aquest cromo, el tinc repe		]]></document>
	<document><![CDATA[“@username: Els polítics i els bolquers cal canviar-los sovint... i pels mateixos motius.

[Bernard Shaw]” bona idea! Bona imatge!		]]></document>
	<document><![CDATA[“@username: Sol solet...! Demà ja pots sortir que en Rajoy i tota la seva xusma ja han fotut el camp de Catalunya...#gràcies” ??????????????????		]]></document>
	<document><![CDATA[@username a 8tv alerta! Posa la pell de gallina la seva fatxenderia. Es una cínica!		]]></document>
	<document><![CDATA[#aguirre8aldia dona vergonya sentirla mentir. Es una cinica		]]></document>
	<document><![CDATA[#aguirre8aldia aquesta senyora no va dir "abans alemana que catalana" referint-se a una empresa elèctrica?? I a 8tv rient-li les gràcies!		]]></document>
	<document><![CDATA[#aguirre8aldia el disseny de l'AVE per Guadalajara no coincidia amb una terrenys del seu marit? Quin interès te el k digui aquesta barruda?		]]></document>
	<document><![CDATA[#aguirre8aldia com es trien els convidats a les TV? No es aquesta qui no respecta els senyals de trafic i s'escapa de la policia?		]]></document>
	<document><![CDATA[#aguirre8aldia s'ha de ser lladre, corrupte, malfactor per ser un personatge digne de ser entrevistat per tertulians de solera?		]]></document>
	<document><![CDATA[#aguirre8aldia comenta el comportament dels partits polítics ... Un munt de bajanades i llocs comuns. Deixeu de preguntar-li coses. Silenci!		]]></document>
	<document><![CDATA[#aguirrre8aldia veste'n a casa, lloro!		]]></document>
	<document><![CDATA[“@username:#aguirre8aldia la cortesia i educació catalanes a vegades resulten desesperants” Cuní es posa llefiscós ... Fàstic!		]]></document>
	<document><![CDATA[“@username:Mas reitera la legitimitat del dret a decidir davant els fiscals
Cares de circumstàncies a taula http://t.co/Sywo8Yf8a2”bo, Mas!		]]></document>
	<document><![CDATA[“@username:FONS de RESERVA de PENSIONS
http://t.co/OOTxywhyaW #MarcaEspana #cataloniawins #Catalunya http://t.co/3jPUG64CGi” toquem el 2!		]]></document>
	<document><![CDATA[#CridaNouPaís #LlistadePaís si veritablement volem un nou país, l'única manera és #totsjunts		]]></document>
	<document><![CDATA[#LlistadePaís #LlistaUnitària Junqueras ens està fotent enlaire el projecte de #NouPaís		]]></document>
	<document><![CDATA[“@username: @username @username @username Hi tant q arribaran a un acord” això espero ...		]]></document>
	<document><![CDATA[“@username: Vergonzosa historia de España http://t.co/ojBZbrg99w” Asco de país!		]]></document>
	<document><![CDATA[“@username:@username.Més igual llista unica que separada,però vull la independència.I una feina digna per els meus fills,”#LlistadePaís		]]></document>
	<document><![CDATA[“@username: En @username proposa Mas anar junts però no barrejats | Nació Digital http://t.co/aQiWbEBXXk” KK! #LlistadePaís		]]></document>
	<document><![CDATA[“@username: En @username proposa Mas anar junts però no barrejats | Nació Digital http://t.co/aQiWbEBXXk” doncs #LlistadePaís		]]></document>
	<document><![CDATA[“@username:Potser és k m'he perdut,però el discurs de @username ha parlat en claucap a la independència iun nou estat, el del mas no.” NO!		]]></document>
	<document><![CDATA[@username crec que no ho has captat bé. Tots dos han parlat d'independencia, però en @username mira cap a ERC i Mas cap a Catalunya		]]></document>
	<document><![CDATA[“@username:@username @username Ls espanyolistes deuen està encantats k Junqueras es desmarqui de la llista conjunta.” #LlistadePaís		]]></document>
	<document><![CDATA[“@username: Algú té link amb la conferència del @username sencera? (no l'he vista en directe, estava currant).” Te la pots estalviar		]]></document>
	<document><![CDATA[“@username: Mas, després de la conferència de Junqueras: "Escoltar sempre va bé" http://t.co/xO1cE8gV0o” un senyor!		]]></document>
	<document><![CDATA[“@username: Esperem que en Mas i en Junqueras es trobin un dia o altre...” I que sigui aviat!		]]></document>
	<document><![CDATA[“@username: Junqueras proposa Mas anar junts però no barrejats

http://t.co/aQiWbEBXXk” això és una enganyifa. Junqueras mira cap ERC????		]]></document>
	<document><![CDATA[“@username:De la conferència de Mas a la de Junqueras. Festival de la millor política aquestes setmanes a Catalunya.” Em quedo amb la 1a		]]></document>
	<document><![CDATA[“@username: Yo creo que Junqueras hoy ha acertado en diagnóstico y receta.” Jo no, crec que l'ha espifiada!		]]></document>
	<document><![CDATA[“@username:#cridanoupais Mas es tot cervell i racionalitat.Junqueres tot emoció i cor.El país els necessita tots dos!!” K Mas porti timó!		]]></document>
	<document><![CDATA[“@username:"El referèndum n pot sé x ratificar independència, sinó la nova Constitució"#Junqueras #CridaNouPaís”un referèndum x constitució?		]]></document>
	<document><![CDATA[“@username: #QuéHeHechoYoParaMerecerEsto???? http://t.co/GElj1mijvB” deu tenir una tecla trucada. Aquest es de suïcidi!		]]></document>
	<document><![CDATA[“@username: Rajoy està llegint les nostres reaccions a tuiter i es deu estar masturbant...
#noupais” tota la raó. #Junqueres rectifica!		]]></document>
	<document><![CDATA[“@username: La @username estava enfadada, no?? #Junqueras324” no n'hi ha per menys. #Junqueras  no dóna la talla #LlistadePaís		]]></document>
	<document><![CDATA[“@username: Us diré una cosa, avui, jo, estic més tranquil que no pas quan va xerrar en Mas.” Doncs jo totalment a l'inrevés!		]]></document>
	<document><![CDATA[“@username:Junqueras defensa davant Mas presentar-se amb diverses llistes independentistes amb elements comuns http://t.co/WBFSvzWzvg”merda		]]></document>
	<document><![CDATA[“@username:Junqueras proposa llistes separades amb objectiu comú de la independència.
http://t.co/kJX3WZtIUl” separat? Comú? No s'entén		]]></document>
	<document><![CDATA[“@username: Una abraçada i petó que ho resumeixen tot. #PPSOE #unionisme #6D http://t.co/cLtWxaRnol” no es un petó, es una aspiradora		]]></document>
	<document><![CDATA[“@username: El país és molt complexe i cal afegir a l'independentisme a molta gent @username #NouPaís 
???????? #LlistadePaís???????? !!!		]]></document>
	<document><![CDATA[“@username:estudi d'Òmnium fa guanyadora llista unitària i àmplia http://t.co/bCjN50f09p” estic segura que es el que més entusiasme generaria		]]></document>
	<document><![CDATA[“@username: El Huffington Post:El consejero de Sanitat de Madrid, cesado http://t.co/CDHJQ0ElC2” els ha costat una mica, no?		]]></document>
	<document><![CDATA[“@username: Rato y Blesa ocultaron las 'tarjetas black' porque sabían que sería un "escándalo": Quan a la presó?		]]></document>
	<document><![CDATA[“@username: En Gay de Montellà és hetero.” ????????????????????		]]></document>
	<document><![CDATA[“@username: http://t.co/tNsStDj8GZ @username molt bo!! Confio en que estaran a l'alçada....el moment és ara!”h		]]></document>
	<document><![CDATA[“@username: m'acabo de carbonitzar un dit. Se que no l'importa a ningú però a mi i al meu dit sí. I força.” Posa'dins got aigua ben freda????		]]></document>
	<document><![CDATA[“@username: .@username a l'acte de la Constitució##SiConsensConvivencia http://t.co/DFGLtfEPkX” quina fila!????????????????		]]></document>
	<document><![CDATA[“@username: Foto de com n'està d perdut en Iceta http://t.co/Yoh2aP7SK2” 

A cada bugada (=burrada) perden un llençol (=munt de vots)		]]></document>
	<document><![CDATA[“@username: me'n vaig a dormir. A aquestes hores corre per aquí un personal que fa grimeta. 
Boranit bonicos. 
Visca la Terra!!!” Lliure!		]]></document>
	<document><![CDATA[“@username:Marsella obliga a sense sostre a portar una etiqueta amb un triangle groc. 
http://t.co/M86WaDzYdU http://t.co/QoSvfvQ0Db”????		]]></document>
	<document><![CDATA[“@username: Así sí. #SocialismoResponsable #seny (vía @username) http://t.co/pb9V9AsE6c” iceta + ós formiguer		]]></document>
	<document><![CDATA[#JunquerasTV3 el Junqueras es posa xulo i es carrega els pressupostos del 2015. Vol marcar perfil ...		]]></document>
	<document><![CDATA[#JunquerasTV3 apa Junqueras, què faries tu si fossis al Govern? De què vas?		]]></document>
	<document><![CDATA[#JunqueresTV3 idees de vol gallinaci!		]]></document>
	<document><![CDATA[“@username:Recordemos k Gonzalo Bernardos COBRA x acusar falsamente a otros de recibir subvenciones desde @username” va ser VR a la UB????		]]></document>
	<document><![CDATA[“@username: Mira que si aquesta nit en Junqueras és capaç de girar la truita de l'opinió pública...” Impossible! Ja no me'l crec. Recita!		]]></document>
	<document><![CDATA[“@username: @username @username Jo he estat sempre indepe..però ara crec que ERC no està a l'alçada del moment històric del pais!”????		]]></document>
	<document><![CDATA[“@username: Avui recordo la primera vegada k em van intentar explicar la Santíssima Trinitat #JunquerasTV3 #catolicpracticant” +BE????		]]></document>
	<document><![CDATA[#junquerastv3 llistes separades, pero: mitins junts, govern unitari. Diu que es una unitat millor. Ens pren el pel? Quadratura del cercle?		]]></document>
	<document><![CDATA[#JunqueresTV3 troba que l'entrevista ha estat curta .. Aghhh li encanta sortir a la tele ! ????		]]></document>
	<document><![CDATA[“@username:Valoració Artur MasvsJunqueras.Puntua'ls a Yopp: http://t.co/7BtkNxBhIN #JunquerasTV3 http://t.co/KRTsZOhLSS” no hi estic d acord		]]></document>
	<document><![CDATA[“@username:Valoració Artur MasvsJunqueras.Puntua'ls a Yopp: http://t.co/7BtkNxBhIN #JunquerasTV3 http://t.co/KRTsZOhLSS” no me n fio de Yopp		]]></document>
	<document><![CDATA[“@username: El hombre pobre no es aquel que no tiene dinero, sino aquel que no tiene un sueño.” Cert! ????		]]></document>
	<document><![CDATA[“@username: Oriol @username: 'La llista única no ajuda perquè allunya els indecisos' es una veritat empírica? De quina màniga s'ho ha tret?		]]></document>
	<document><![CDATA[“@username: Oriol @username: 'La llista única no ajuda perquè allunya els indecisos' es una veritat revelada? Ha arribat l'esperit Sant?		]]></document>
	<document><![CDATA[“@username: Oriol @username: 'La llista única no ajuda perquè allunya els indecisos' ens ho hem de creure? ????????????????????		]]></document>
	<document><![CDATA[Josep Fontana:Josep Fontana:'Aquest país,si s'ha de salvar, el salvarà la gent'.Llibre interessantíssim!!!
Llibre de http://t.co/rwVvkM1D6b		]]></document>
	<document><![CDATA[#ppsc Plana major PSC coincideix amb PP i C's
http://t.co/f1YJLrrdxQ via @username
ara ja ho poden fer obertament: han fet fora 'els altres'		]]></document>
	<document><![CDATA[#Rato a la presó!! Els pèrits del Banc d’Espanya acusen Rato de mentir  http://t.co/BaYBEaGJPM via @username		]]></document>
	<document><![CDATA[#TV3alacarta benvolguts, no hi ha manera de baixar-se la tertulia dels matins, el quequicom, la riera i karakia amb el podcast		]]></document>
	<document><![CDATA[“@username: La desinflada convergent : la “gran llista”s’encongeix: 
Per Joana Gorina
Em temo que no l'encertes ... Mala anàlisi ...		]]></document>
	<document><![CDATA[“@username: La reforma de la Constitució, tema destacat a les #324portades
http://t.co/rYW7vXfusf http://t.co/Re3PrL1h27”sempre portades ????????????????????		]]></document>
	<document><![CDATA[“@username:Ahir Mas al musical del @username #PoloniaElMusical http://t.co/opkyCrpWxY”així m'agrada!Amb il.lusió! I sentit de l'humor		]]></document>
	<document><![CDATA[“@username: Rajoy enterra la tercera via: "De què voleu que parli amb algú que vol marxar d'Espanya?" http://t.co/04xWnXeedQ” Adéu!		]]></document>
	<document><![CDATA[“@username:Rajoy adverteix que no comptin amb ell anar en contra de la 'unitat d'Espanya' http://t.co/e9cb5jPh1v”no som part d aquesta unitat		]]></document>
	<document><![CDATA[“@username: Rull: 'No es tracta de canviar la Constitució espanyola, sinó de començar a redactar la catalana' - http://t.co/UE8z93OMvK”exacte!		]]></document>
	<document><![CDATA[“@username: Escolteu les declaracions de @username (@username) sobre la #LlistaDePaís. A partir del minut 3:20''. Pitjor per a ells!		]]></document>
	<document><![CDATA[“@username:!Àlbum de familia????La "Transición" democrática del #PP en 4 fotos 
http://t.co/vAhtxlc2og @username” l'Asnar te cara de possés		]]></document>
	<document><![CDATA[“@username:Real Madrid podría igualar ante Celta récord de18 victorias seguidas k consiguió el Barcelona de Rijkaard.” Kien pone el listón?		]]></document>
	<document><![CDATA[@username per favor que el Sr. Franco deixi de dir "penso de que".		]]></document>
	<document><![CDATA[“@username: La paraula amb plus d'@username és LLISTA. Ara a http://t.co/VyBdx1G5OZ amb @username”el significat el dóna l'ús		]]></document>
	<document><![CDATA[“@username: Junqueras «Cediré en tot el que faci falta pel bé del procés»” a veure ... Això esperem!		]]></document>
	<document><![CDATA[“@username: .@username:"La independència no és més fàcil, és més probable (q la reforma de la Constitució" amb @username” boona!		]]></document>
	<document><![CDATA[“@username: Muy español. http://t.co/oeXTE19kjM pais de chorizos?		]]></document>
	<document><![CDATA[“@username:El Gobierno español da luz verde a compra armamento por 3.700 millones... #prioridades http://t.co/CWwG3Zlthn” llei dependència?		]]></document>
	<document><![CDATA[“@username:2014 ha sigut, per mi,l'any de les decepcions en quant a amistat. Esperem que el 2015, la cosa vagi millor” sigues optimista!		]]></document>
</author>