<?xml version="1.0" encoding="UTF-8" standalone="no"?><author id="aa3c61c2-156c-4341-85c9-463807450db5" lang="nl">
	<document><![CDATA[24/7 #ned3 intelligente lantaarnpalen die foto's maken, je in de gaten houden, geluid opnemen en met elkaar communiceren #creepy		]]></document>
	<document><![CDATA[Tegenlicht kijken, wordt er boos van, voedselspeculatie, waarom verbouwt tunesie geen graan meer?		]]></document>
	<document><![CDATA[weet iemand de UDC code voor biografische woordenboeken? #durftevragen		]]></document>
	<document><![CDATA[leest op nrcnext.nl: "Buitenspel"  http://t.co/hjRUD726		]]></document>
	<document><![CDATA[Word thuiskomend verrast door mijn lief: mosseltjes in witte wijn met peterselie, zure room en mosterd #liefdegaatookdoordemaag		]]></document>
	<document><![CDATA[@username Nee hoor, werkt bij mij ook! bij jou?		]]></document>
	<document><![CDATA[@username bourgondische levensstijl, en de gezelligste binnenstad van Nederland :)		]]></document>
	<document><![CDATA[#wvdm #bibliotheekbreda We zitten klaar voor de ipadlezing van Jan de Waal.		]]></document>
	<document><![CDATA[#wvdm #bibliotheekbreda Voor alles wat er met de ipad fout kan gaan, staat een pdf op http://t.co/OGXbRr8h		]]></document>
	<document><![CDATA[#wvmw #bibliotheekbreda Toekomstbeelden over hoe de digitale toekomst eruit kan gaan zien, filmpjes ook te zien op digibieb.nl		]]></document>
	<document><![CDATA[Kinderen groeien op met digitale apparaten,  Jan vertelt zijn telefoon dat hij hij koffie drinkt en laat het apparaat vertalen...#wvmw		]]></document>
	<document><![CDATA[#wvmw #bibliotheekbreda Koop niet tweedehands een ipad 1 want de batterij gaat zo'n drie jaar mee, dus je betaalt altijd teveel.		]]></document>
	<document><![CDATA[#wvmw #bibliotheekbreda Je kunt alles wat op de ipad1 staat meenemen naar de ipad2, je moet wel itunes gebruiken. Apple heeft geen printers		]]></document>
	<document><![CDATA[#wvmw #bibliotheekbreda Presentatie chromebook, alles online, geen onderhoud, ideaal voor de bibliotheek iedereen zijn eigen google omgeving		]]></document>
	<document><![CDATA[Er zijn 100000 programma's voor de ipad maar de nederlandse zijn lastig te vinden. tip voor (groot)ouders en onderwijs ikind.nl		]]></document>
	<document><![CDATA[@username Ha, jij zit bij de tweede sessie....		]]></document>
	<document><![CDATA[#leigez De manier waarop we werken verandert: veel van wat we doen wordt vervangen door ict.		]]></document>
	<document><![CDATA[#leigez de toekomst is aan mensen die iets creëren waarvan je niet wist dat je het miste.		]]></document>
	<document><![CDATA[Mensen moeten leren om technologie voor zich te laten werken #leigez		]]></document>
	<document><![CDATA[Bij #leigez nu aandacht voor #HNW		]]></document>
	<document><![CDATA[als jij lelijk doet tegen mijn avatar op het scherm kwets je mij... #leigez Hoe kun je avatars als jou verlengstuk laten werken? Is nog vaag		]]></document>
	<document><![CDATA[mmm... #leigez: Kunnen we avatars inzetten om vragen van klanten te beantwoorden in de # digitale bibliotheek?		]]></document>
	<document><![CDATA[#leigez: Philip Rosedale van SecondLife, met TheLoveMachine taken op een lijst zetten, zelf een offerte maken voor die doelen.		]]></document>
	<document><![CDATA[#leigez: Werkt dit systeem niet alleen als er een gezonde verhouding is tussen aanbod en vraag?		]]></document>
	<document><![CDATA[Net voor het eerst een youtubefilmpje in ptt ingevoegd #weerwatgeleerd		]]></document>
	<document><![CDATA[Net een reisje naar Rome geboekt in april, met mijn ouders		]]></document>
	<document><![CDATA[Samen met mijn collega Marianne vandaag geslaagd voor de opleiding "Leidinggeven aan verandering"!!		]]></document>
	<document><![CDATA[Weer een prachtige documentaire bij #anderetijden #sinterklaasrazzia		]]></document>
	<document><![CDATA[Ben benieuwd naar de documentaire over waarom we de Euro kregen #Anderetijden #omdathetmoestenzou		]]></document>
	<document><![CDATA[@username Gefelicteerd, wat leuk!		]]></document>
	<document><![CDATA[Achter meneer Preud'Homme zit Hans Pekaar, bekend van het zaalvoetbal in Breda #hollandsport		]]></document>
	<document><![CDATA[Vandaag een oudere dame  uitgelegd hoe ze moet inloggen en reserveren. Belangrijkste vraag: wat is inloggen eigenlijk? #biebbreda		]]></document>
	<document><![CDATA[Hopelijk is morgen iedereen "gezond weer op" want Miss B en ik worden niet blij van de huidige 4ussen etc... en betrokkenen zeker niet!		]]></document>
	<document><![CDATA[@username Tja, zijn er ook  niet echte vrouwen?		]]></document>
	<document><![CDATA[#b2d11 de maker van de site boekenliefde.nl was op zoek naar een mogelijkheid om een aantrekkelijk boek te vinden en vermijden inleverstress		]]></document>
	<document><![CDATA[#d2b11 Uitreiking bibliotheek innovatieprijs		]]></document>
	<document><![CDATA[criteria voor de innovatieprijs waren ingewikkeld, maar uiteindelijk komt er een soortement pitch om te bepalen wie de prijs krijgt #b2d11		]]></document>
	<document><![CDATA[#dbd2 eerste pitch Digitale canon voor laaggeletterden, als laageletterde word je in een hokje gezet, dat je uit een asociaal gezin komt.		]]></document>
	<document><![CDATA[#b2d11 Canon is voor laageletterden die, niet verhalend kunnen lezen, ze vertellen, schrijven hun eigen verhaal		]]></document>
	<document><![CDATA[#b2d11 Canon laaggeletterden, hoeveel mensen wil je bereiken?		]]></document>
	<document><![CDATA[#b2d11 Jury stelt kritische vragen! Vertellen, ordenen, visualiseren, helpt bij het leren van verhalend lezen.		]]></document>
	<document><![CDATA[Kijkwijzer literatuur maakt van het boek een product waar ckv leerlingen enthousiast over de bibliotheek worden.		]]></document>
	<document><![CDATA[B2d11 Presenteren valt niet mee zonder papiertje?		]]></document>
	<document><![CDATA[Als je met jezelf spot kun je ook spotten met de wetenschap, die ook niet meer betrouwbaar is sinds Diederik Stapel #b2d11		]]></document>
	<document><![CDATA[#b2d11 Mijn zoon van 17 zou dit een fantastisch project vinden, vind dit de eerste echt innoverende project, meerwaarde is duidelijk		]]></document>
	<document><![CDATA[Verhalencoach heeft tijd over, applaus! #b2d11		]]></document>
	<document><![CDATA[ga voor de pitch van midden brabant, innovatief qua benadering en doelgroep' zie de verhalencoach geen popsongs bepreken met jongeren #b2d11		]]></document>
	<document><![CDATA[#b2d11 Verhalencoach zonder zelfspot toch grappig		]]></document>
	<document><![CDATA[Nou als drank is in de man zei mijn oma altijd, al zijn het veel vrouwen in de bus#b2d11		]]></document>
	<document><![CDATA[Nu in de sessie "flexibiliteit" met de directeur van het museum Boerhave		]]></document>
	<document><![CDATA[Boerhave museum moest even 9 ton ophalen in een half jaar tijd #b2d11		]]></document>
	<document><![CDATA[#b2d11 Boerhave was erg interessant voor instrumentmakers, daar zijn er alleen zo weinig van....		]]></document>
	<document><![CDATA[De objecten in Boerhave vertellen een verhaal, #b2d11		]]></document>
	<document><![CDATA[#b2d11 Hoe krijg de context terug waarbinnen een object is gebruikt? #Boerhave		]]></document>
	<document><![CDATA[Collectie stond voorop, maar het gaat erom wat je met die collectie wilt gaan DOEN voor het publiek #b2d11 #lesvoordebibliotheek #boerhave		]]></document>
	<document><![CDATA[Op zoek naar samenwerking lokaal, gelijksoortige instellingen of op inhoud, hoe kun je elkaar versterken en aanvullen? B2d11		]]></document>
	<document><![CDATA[Nieuwe eis is cultureel ondernemerschap #b2d11 Tot op welk niveau moet je dat doen? En voor de ene partij is dat makkelijker dan de ander.		]]></document>
	<document><![CDATA[museum moet jongeren aanspreken, maar vooral voor ouderen dingen blijven doen, dat zijn vaste klanten en er komen er steeds meer van #b2d11		]]></document>
	<document><![CDATA[#b2d11 #flexibiliteit #boerhaave Effect van lobby was nihiel, argumenten kregen wel aandacht maar opdracht bleef staan.		]]></document>
	<document><![CDATA[#b2d11 #flexibiliteit strategie #wijzijnnietzielig #boerhaave Actieve benadering in vernieuwing en op zoek naar cofinanciers		]]></document>
	<document><![CDATA[#b2d11 Gevolgen voor de organisatie #Boerhaave #saamhorigheid #dienstbaarheidengastheerschap #elkaarhelpenookalishetmijntaakniet		]]></document>
	<document><![CDATA[#b2d11 flexibilisering: schotten doorbreken in de organisatie		]]></document>
	<document><![CDATA[Is in de bibliotheeksector " the sense of urgency" nu voldoende aanwezig #b2d11		]]></document>
	<document><![CDATA[#b2d11 Ervaring is dat bedrijven wel graag willen cofinancieren voor nieuwe projecten, niet voor de basistaken.		]]></document>
	<document><![CDATA[#b2d11 #flexibiliteit Opdracht voor 2012 pro-actief met samenwerkingspartners		]]></document>
	<document><![CDATA[Afsluiting #B2d11 bekijken samenvattende filmimpressie, maar we wachten natuurlijk gewoon op Jan Mulder		]]></document>
	<document><![CDATA[Afsluiting #B2d11 Toch leuk om de sprekers van vanmorgen nu op de film te zien, vanmorgen waren ze onzichtbaar: #pilarenmartinikerk		]]></document>
	<document><![CDATA[#d2b11 Jan Mulder sluit af met herinneringen aan zijn bibliotheek van vroeger, weer stereotype van strenge bibliothecaresse #hoekomtdattoch?		]]></document>
	<document><![CDATA[Zo maakt u vrienden en goede relaties was het eerste boek dat de kleine Jan leende, in opdracht van zijn vader...		]]></document>
	<document><![CDATA[#d2b11 Jan Mulder: wij voetballers zijn lezers. cruijff las "klop maar op een deur" . cruijf is een taalvirtuoos.		]]></document>
	<document><![CDATA[#d2b11 Jan Mulder eindigt met een loflied op suikerbiet en een duits gedicht :)		]]></document>
	<document><![CDATA[Jan Mulder: dank aan de bibliotheek voor alles wat we de voetballers hebben laten lezen.		]]></document>
	<document><![CDATA[nog maar een extra sneetje brood bij het ontbijt, nu #AH het brood in dunnere sneetjes snijdt... #crisisbrood #opdekleintjesletten		]]></document>
	<document><![CDATA[net terug van vergadering #wijkraadbrabantpark in #depoelewei. heb geen twitterverslag kunnen maken omdat ik de wificode niet kreeg :(		]]></document>
	<document><![CDATA[@username Heeee, Jolanda! gefeliciteerd! Je maatje heeft het ook gered, dus dat goed in het cluster ZO!		]]></document>
	<document><![CDATA[@username Heeee, Jolanda! gefeliciteerd! Je maatje heeft het ook gered, dus dat goed in het cluster ZO!		]]></document>
	<document><![CDATA[#DWDD kijken		]]></document>
	<document><![CDATA[Ontroerend verhaal #barryhay in #DWDD op zoek naar het graf van zijn vader.		]]></document>
	<document><![CDATA[#dwdd Nou die lijst is wat minder mooi geworden ...		]]></document>
	<document><![CDATA[@username Sex Pistols, Nirvana eruit		]]></document>
	<document><![CDATA[Switchen tussen de #starwars parodie op comedy central en #tvoh Zoek de overeenkomsten!		]]></document>
	<document><![CDATA[@username Misschien moeten we onze grote ondersteuner eens vragen? http://bit.ly/gZ8hwZ		]]></document>
	<document><![CDATA[@username Een keer in de week onderdompelen, vol laten zuigen en uit laten lekken is genoeg...		]]></document>
	<document><![CDATA[@username Tja, en die tijd gaat snel voorbij! En dan vertrekken ze zelf naar sportclub en zit je op de bank naar buiten te kijken...		]]></document>
	<document><![CDATA[The 10 best classic Christmas songs http://t.co/ZvQ9IULi via @username Wat leuk om een favoriet aan te treffen, de Sneeuwman van Briggs		]]></document>
	<document><![CDATA[@username LOL Gaan wij ook doen vandaag, maar er is een levensfase dat je ineens tijd voor jezelf hebt, en daar nog beduusd van bent.		]]></document>
	<document><![CDATA[Goed nieuws! Museum Boerhaave blijft open | Het Financieele Dagblad http://t.co/YiaHpFyd		]]></document>
	<document><![CDATA[gestart met #kwtt, eens kijken hoever ik dit jaar kom...		]]></document>
	<document><![CDATA[#studiosport kijken Het was een mooi weekend voor Breda en Eindhoven :)		]]></document>
	<document><![CDATA[Moest van manlief de wereld laten weten dat Het Boemeltje met 10-1 van de Belastingdienst heeft gewonnen. #zaalvoetbal #michielwasgoed		]]></document>
	<document><![CDATA[@username genieten maar, dan! #caffeine		]]></document>
	<document><![CDATA[net even gekeken hoeveel kilometer ik morgen ga fietsen, thuis-centrum-west-zuidoost-brabantpark-thuis, zo'n 18 kilometer #valtbestmee		]]></document>
	<document><![CDATA[Met respect de taken van zoonlief aan het nakijken #dyslexie #watzijndie verdomdetalentochlastigdoorelkaar		]]></document>
	<document><![CDATA[DolfJansen met oudejaarsconference 2.0 #moetaltijdaandolfjeweerwolfjedenken		]]></document>
	<document><![CDATA[onmogelijk maar ik kan het toch niet laten: zijn mijn twee kids te spotten in het publiek bij Pinkpop? Soort zoekplaatje bij cultura 24		]]></document>
	<document><![CDATA[@username veel plezier! vergeet niet Het holocaust monument te bezoeken, was veel indrukwekkender dan verwacht ....		]]></document>
	<document><![CDATA[#merlin kijken, laatste aflevering		]]></document>
	<document><![CDATA[poehee, we hebben #radio2 gevonden hoor, analoge radio heeft zo zijn charmes!		]]></document>
	<document><![CDATA[@username Hee, dat is balen, heb je toch een goede kerst gehad in de vorm van een vervangend diner?		]]></document>
	<document><![CDATA[Onze politici veranderen alleen als ze bang zijn macht te verliezen #wintergasten		]]></document>
</author>